timestamp,return_1d,return_5d,sma_ratio_10,sma_ratio_30,volatility_20d,rsi_14,range_pct,volume_zscore_20,target_return,target_direction,probability_up,signal,long_threshold,threshold_validation_score,threshold_validation_observations,threshold_source
2022-01-18,0.021449532835527307,0.03593212399224077,0.0350366577087049,0.05662253357426272,0.010036830055792725,74.63840297826522,0.026866925119343295,-0.9793053470978845,-0.006208436643436843,0.0,0.6445043640959668,1.0,0.58,0.9811452050784162,125,nested_validation
2022-01-19,-0.006208436643436843,0.023658532193521653,0.024610309693193333,0.04733350609718601,0.010138923613088907,70.72543340448904,0.011535732429775371,1.5851996530884291,0.003485691445963335,1.0,0.5794385633116499,0.0,0.58,0.9811452050784162,125,nested_validation
2022-01-20,0.003485691445963335,0.03084580849116736,0.022693203565684605,0.04832741120613693,0.009663251941216503,71.61946204527742,0.014947283897361949,0.6495404557117391,-0.006208986847411002,0.0,0.6638525814260581,1.0,0.58,0.9811452050784162,125,nested_validation
2022-01-21,-0.006208986847411002,0.019841929185002716,0.012707066597593242,0.03951303752001767,0.009834713954729636,67.64287336273308,0.013853050795052668,-0.8461311762810055,0.0061572214088778665,1.0,0.46582692026765027,0.0,0.58,0.9811452050784162,125,nested_validation
2022-01-24,0.0061572214088778665,0.018554607520733013,0.014038278021691664,0.04344843283442623,0.009543179528356625,69.4435130549503,0.014986220210509363,-0.27747239774542476,-0.0055355745589100724,0.0,0.5065168839540771,0.0,0.58,0.9811452050784162,125,nested_validation
2022-01-25,-0.0055355745589100724,-0.008354020451072808,0.005731913739225991,0.035765461030863754,0.009642017947645258,65.87251525071656,0.007453752675148867,-0.2072392394597885,-0.0036670413384267686,0.0,0.4253945853540584,0.0,0.58,0.9811452050784162,125,nested_validation
2022-01-26,-0.0036670413384267686,-0.005818111987384689,0.00030029102745410263,0.030184336845160198,0.009710137215589014,63.553907960192156,0.03094303359794057,0.4172974934643965,0.01807725236422497,1.0,0.6405731199419799,1.0,0.58,0.9811452050784162,125,nested_validation
2022-01-27,0.01807725236422497,0.008638163479647742,0.014433424438874853,0.046139653487048626,0.009005041244971337,69.27435261477812,0.014600502059185647,1.5279907494948757,0.009963208360493692,1.0,0.5959959022423632,1.0,0.58,0.9811452050784162,125,nested_validation
2022-01-28,0.009963208360493692,0.025051969861524137,0.020002887291603155,0.05370050463895537,0.008945046428313792,71.93605643504031,0.004416026304279408,-0.4821552997317215,-0.005898666816714249,0.0,0.5652177491099974,0.0,0.58,0.9811452050784162,125,nested_validation
2022-01-31,-0.005898666816714249,0.012769682649224068,0.010850218004236911,0.04501109835439032,0.009038533174882159,68.13525268067667,0.016240573473867814,-0.5694702946527389,-0.0033661373806808115,0.0,0.4591581531486952,0.0,0.58,0.9811452050784162,125,nested_validation
2022-02-01,-0.0033661373806808115,0.014979052985974128,0.006792536349933709,0.03880753047522534,0.009084923653182995,66.00467759196273,0.027750101627792297,3.783295057715134,0.0012264048842614006,1.0,0.6032646402248736,1.0,0.58,0.9811452050784162,125,nested_validation
2022-02-02,0.0012264048842614006,0.019964078694261422,0.006623357784461659,0.03723629205883627,0.009085757096361441,66.41534311807226,0.02359597940901361,-0.471436171756733,-0.008511884047127993,0.0,0.48173944043171874,0.0,0.58,0.9811452050784162,125,nested_validation
2022-02-03,-0.008511884047127993,-0.006674335984096724,-0.002134382893108522,0.026453133478260504,0.00888413828376408,60.909045498690354,0.020236569802943596,0.033831674942673355,-0.011843142264309936,0.0,0.5695048352755189,0.0,0.58,0.9811452050784162,125,nested_validation
2022-02-04,-0.011843142264309936,-0.028121461517817137,-0.013583778333995045,0.012964425686959213,0.00919608783825305,54.22959047849329,0.024703481526288432,0.14397727405752142,-0.010419131083744926,0.0,0.6708074334993395,1.0,0.58,0.9811452050784162,125,nested_validation
2022-02-07,-0.010419131083744926,-0.03254087235497449,-0.02189430805085224,0.0011673983711337765,0.009407045832983886,49.18035080242244,0.023264407012161648,-0.2809733584539391,0.001653889715845569,1.0,0.5495247499377837,0.0,0.58,0.9811452050784162,125,nested_validation
2022-02-08,0.001653889715845569,-0.02766779788126983,-0.01900055097351183,0.0014342154135655871,0.008772040667386433,49.96838524572261,0.014329679945474653,-0.7312818074370618,-0.0024407875367826737,0.0,0.38438441846141863,-1.0,0.58,0.9811452050784162,125,nested_validation
2022-02-09,-0.0024407875367826737,-0.031229159492342284,-0.020241378240736352,-0.002114655574940616,0.008720236053788973,48.764613571532635,0.024719986268908412,-0.14926355090374716,0.01977087216631679,1.0,0.5530559483430407,0.0,0.58,0.9811452050784162,125,nested_validation
2022-02-10,0.01977087216631679,-0.0035944263392980735,0.00016365359415515535,0.01521275002273903,0.009637263871235641,57.64400009322162,0.015335736946910816,-0.4747112243004727,0.01355138362056385,1.0,0.4403585078629177,0.0,0.58,0.9811452050784162,125,nested_validation
2022-02-11,0.01355138362056385,0.02201208231777918,0.014413841702824337,0.026451433269323532,0.009974826179525826,62.53187421378852,0.01334409111439148,-0.4683631406627785,-0.011344694530368904,0.0,0.5562955860457752,0.0,0.58,0.9811452050784162,125,nested_validation
2022-02-14,-0.011344694530368904,0.021056185680006223,0.004146309608411558,0.01308284637103685,0.010291797381511047,56.56691859284948,0.029267327243209094,-0.1251434956436064,0.015201168609661586,1.0,0.5841148204452621,1.0,0.58,0.9811452050784162,125,nested_validation
2022-02-15,0.015201168609661586,0.03486587888410009,0.018767150583918424,0.026468365089269197,0.00974651588308845,61.769611973569596,0.020869219370070462,-0.6404237698132382,-0.0038258065396227225,0.0,0.5569927321504152,0.0,0.58,0.9811452050784162,125,nested_validation
2022-02-16,-0.0038258065396227225,0.03342906301418691,0.014750638531999982,0.0207195383190939,0.009675869913818368,59.798634423854836,0.019794150609905182,-0.0743770484952578,-0.0047691631462558615,0.0,0.5796481196523116,0.0,0.58,0.9811452050784162,125,nested_validation
2022-02-17,-0.0047691631462558615,0.00856035339362915,0.009410500548755252,0.013838229147308256,0.00972847756620164,57.35132217849035,0.022051071309780373,-0.3619452636449937,0.0028416213866704343,1.0,0.6218338519409241,1.0,0.58,0.9811452050784162,125,nested_validation
2022-02-18,0.0028416213866704343,-0.0020966707670926343,0.010286438524759633,0.01498069987529882,0.009620967890505844,58.437576508875686,0.020307672971510433,-0.43812767738079983,-0.011987089925716177,0.0,0.5403607360247293,0.0,0.58,0.9811452050784162,125,nested_validation
2022-02-21,-0.011987089925716177,-0.0027450752212582197,-0.003606842256091758,0.001298931016098015,0.009927484939837035,52.36175850202558,0.009836001363346506,-0.8049374387450488,0.0025817188527474944,1.0,0.48677139558968,0.0,0.58,0.9811452050784162,125,nested_validation
2022-02-22,0.0025817188527474944,-0.015141444342183896,-0.0029105055898701604,0.002803237481312504,0.00986129171212412,53.470383129483096,0.018127562859844903,0.33472102006624366,0.014156422163862814,1.0,0.3656856781729753,-1.0,0.58,0.9811452050784162,125,nested_validation
2022-02-23,0.014156422163862814,0.0026365225080762222,0.007649405153675071,0.01561286563261488,0.010256377457963893,59.10481351220608,0.01350491247216253,-0.6036719098705031,-0.006167494410234564,0.0,0.4991373039066161,0.0,0.58,0.9811452050784162,125,nested_validation
2022-02-24,-0.006167494410234564,0.001227786018095589,0.0004625346261870611,0.008070263219716045,0.009605754721208977,55.88478993796246,0.02143484714509063,0.07076889114777289,-0.007443441925356398,0.0,0.6001408325737816,1.0,0.58,0.9811452050784162,125,nested_validation
2022-02-25,-0.007443441925356398,-0.009040725927706661,-0.005874416617590361,-0.0003038825638191911,0.009452642330326291,52.21063002803013,0.015811036547361067,-0.11241760047548545,-0.008710471977322665,0.0,0.4326099157390736,0.0,0.58,0.9811452050784162,125,nested_validation
2022-02-28,-0.008710471977322665,-0.005754336741447763,-0.013702088052951034,-0.009347330404647414,0.009547099200234558,48.243207659857596,0.006214360560115414,0.10414413792467402,-0.011530313262817726,0.0,0.4673626680285167,0.0,0.58,0.9811452050784162,125,nested_validation
2022-03-01,-0.011530313262817726,-0.019749033100684765,-0.02165681928330987,-0.020041646091407794,0.009810770069670696,43.56507444588585,0.009201492154642487,0.1427078758563936,-0.01485008339315963,0.0,0.4712322182211006,0.0,0.58,0.9811452050784162,125,nested_validation
2022-03-02,-0.01485008339315963,-0.04778578807973799,-0.03175982752660245,-0.033607102767616026,0.01021296302567458,38.45294502353176,0.013124973303736789,0.319049109349668,-0.004492916343943665,0.0,0.48160192795879797,0.0,0.58,0.9811452050784162,125,nested_validation
2022-03-03,-0.004492916343943665,-0.04618133559431048,-0.031711139317815995,-0.03671317243396566,0.010126048069918304,37.05714938791775,0.00841836188816735,-1.8975455307946312,-0.013196520679285006,0.0,0.561944700944169,0.0,0.58,0.9811452050784162,125,nested_validation
2022-03-04,-0.013196520679285006,-0.051709880893469395,-0.03859613359014047,-0.04799625626440285,0.010195859219429391,33.25594147562144,0.02627451498487373,-1.1350453247942602,-0.005165827215076191,0.0,0.6066015811298731,1.0,0.58,0.9811452050784162,125,nested_validation
2022-03-07,-0.005165827215076191,-0.048318993056203685,-0.03833331977111476,-0.05113804011082301,0.010043948794233804,31.894914156419972,0.03151567125207902,-0.07300166576903476,0.0086993463760201,1.0,0.6626791725343834,1.0,0.58,0.9811452050784162,125,nested_validation
2022-03-08,0.0086993463760201,-0.028842237103506196,-0.02519750644111829,-0.041527590042055085,0.010279983415393242,36.5778748377459,0.005682402584373694,2.64180016866236,0.006809912210913982,1.0,0.5414935758014621,0.0,0.58,0.9811452050784162,125,nested_validation
2022-03-09,0.006809912210913982,-0.007489879943844757,-0.012929875040566863,-0.03396024427851374,0.01043225725415469,40.081390062956864,0.02514169198382039,0.20908978687112545,0.003296737468552413,1.0,0.5984355035020859,1.0,0.58,0.9811452050784162,125,nested_validation
2022-03-10,0.003296737468552413,0.0002763231978171188,-0.0049330742472772915,-0.029248083039062678,0.00935498446988742,41.769832559481586,0.024721279089929597,-1.4668833660579952,-0.010901250186027056,0.0,0.44919879764942683,0.0,0.58,0.9811452050784162,125,nested_validation
2022-03-11,-0.010901250186027056,0.0026029310562745156,-0.010737827913189557,-0.037649111115707345,0.008850822080632443,37.94921659474606,0.0298953768883263,1.1840484240930411,-0.0014538889974553548,0.0,0.5645716399273301,0.0,0.58,0.9811452050784162,125,nested_validation
2022-03-14,-0.0014538889974553548,0.006343856165901718,-0.007849258941797332,-0.037010684003407346,0.008646952040839852,37.4624219606698,0.029133599216046004,0.17934826829845418,0.0076984057417301965,1.0,0.5318255251089877,0.0,0.58,0.9811452050784162,125,nested_validation
2022-03-15,0.0076984057417301965,0.005345252903866005,0.002215983164462365,-0.02788816077528311,0.008008047116924499,41.71928971221461,0.0011928374851068039,0.2602984199986231,-0.0062691876529734625,0.0,0.40191514223478736,-1.0,0.58,0.9811452050784162,125,nested_validation
2022-03-16,-0.0062691876529734625,-0.0077148201058843124,-0.0025392540385624773,-0.032040581105350685,0.008039502380987785,39.35205024909135,0.014971875771735362,-1.2689345650046873,-0.0050707954155819746,0.0,0.4554603460788875,0.0,0.58,0.9811452050784162,125,nested_validation
2022-03-17,-0.0050707954155819746,-0.015990516181755843,-0.006021886295993206,-0.035132923569499486,0.008043009179196606,37.50972046623856,0.016742084040987888,0.47988714229166973,-0.002076849127107372,0.0,0.39391778268145095,-1.0,0.58,0.9811452050784162,125,nested_validation
2022-03-18,-0.002076849127107372,-0.0072115198149868,-0.007628618642592122,-0.035642808655690916,0.007933315484873964,36.75459797254353,0.016559567123902975,-1.1223703321331138,0.001038562307511759,1.0,0.40174781544351573,-1.0,0.58,0.9811452050784162,125,nested_validation
2022-03-21,0.001038562307511759,-0.0047334400190433,-0.0067536688331928385,-0.03351323473303214,0.007725671346689012,37.43151988811231,0.016997866625487298,-0.45385753744317686,0.003774248051593432,1.0,0.3288728056080539,-1.0,0.58,0.9811452050784162,125,nested_validation
2022-03-22,0.003774248051593432,-0.008609185879939418,-0.0026746999592385245,-0.028795079758523356,0.007770310953124408,39.94954075206924,0.013894738358938051,-0.4367570421273024,-0.014458163278925684,0.0,0.4152731199894259,-1.0,0.58,0.9811452050784162,125,nested_validation
2022-03-23,-0.014458163278925684,-0.016778878428213906,-0.014675633965263835,-0.04140890823605159,0.00716542749161903,34.24293219538477,0.016559679448149102,0.33310140868457183,6.856002123045712e-05,1.0,0.43853440267431315,0.0,0.58,0.9811452050784162,125,nested_validation
2022-03-24,6.856002123045712e-05,-0.011700001666475446,-0.0118543032773194,-0.03927670468592637,0.007200940362290449,34.29017266267448,0.0011652937086963943,1.855227839264155,0.00067276920666548,1.0,0.4408447452550909,0.0,0.58,0.9811452050784162,125,nested_validation
2022-03-25,0.00067276920666548,-0.008976898397141997,-0.009584586472334511,-0.036126950447848416,0.0072078943505995904,34.78531126995587,0.023201127254618654,-1.2405036095781306,-0.0032700388214785825,0.0,0.5343163445068602,0.0,0.58,0.9811452050784162,125,nested_validation
2022-03-28,-0.0032700388214785825,-0.013242391671026366,-0.011042567739279363,-0.037049593947480974,0.0071006571615565275,33.464489444160506,0.015753957616600985,0.38690083091196575,-0.028346546830247954,0.0,0.4208148242808963,0.0,0.58,0.9811452050784162,125,nested_validation
2022-03-29,-0.028346546830247954,-0.044818653760589466,-0.03387600505192756,-0.06082071833021252,0.00883965383116052,24.72785392172034,0.01595128319690436,-0.25561023461062693,0.0034298134280830173,1.0,0.5393926384884291,0.0,0.58,0.9811452050784162,125,nested_validation
2022-03-30,0.0034298134280830173,-0.02748173204314497,-0.026238309987956177,-0.054264782650110144,0.008599354266602278,27.13630389308929,0.018062003463512687,-0.4494878551145748,-0.008762809094472912,0.0,0.46522968457643443,0.0,0.58,0.9811452050784162,125,nested_validation
2022-03-31,-0.008762809094472912,-0.03606981104035811,-0.03011839779270442,-0.059120158293996194,0.008687298826343906,24.93370840551799,0.01953511930904262,1.2169063561775757,-0.012329135657276225,0.0,0.5601829750339439,0.0,0.58,0.9811452050784162,125,nested_validation
2022-04-01,-0.012329135657276225,-0.04859431355307331,-0.03648322505051249,-0.06685051253609964,0.008639188311979103,22.224359941137777,0.01657650190286814,0.41060201747130876,0.0008852177317890675,1.0,0.5399254811690456,0.0,0.58,0.9811452050784162,125,nested_validation
2022-04-04,0.0008852177317890675,-0.04462800886935492,-0.029946291375269718,-0.06254268403954066,0.008668528947824713,22.864458605519758,0.010359745485238117,-0.47770282876737863,0.020695545530450055,1.0,0.5555310922252467,0.0,0.58,0.9811452050784162,125,nested_validation
2022-04-05,0.020695545530450055,0.0035923121463390384,-0.005619717981772188,-0.04009714693840749,0.009788145972587549,36.11409881205941,0.021502790673583273,0.9520957142939963,-0.0032568273709281392,0.0,0.569867548735731,0.0,0.58,0.9811452050784162,125,nested_validation
2022-04-06,-0.0032568273709281392,-0.003095411509235424,-0.005758946586391089,-0.03958937010596697,0.009566751656736023,35.0720001210688,0.021905639684656465,-0.8262295720020515,0.002057379404420301,1.0,0.4574770193278749,0.0,0.58,0.9811452050784162,125,nested_validation
2022-04-07,0.002057379404420301,0.007786641405897576,-0.0007862450000122312,-0.03422215919341387,0.009531450481594943,36.31805167755929,0.02394450754046375,-0.6358830133924221,0.017231829472035276,1.0,0.4634551031672577,0.0,0.58,0.9811452050784162,125,nested_validation
2022-04-08,0.017231829472035276,0.03794967125715387,0.01774029375994579,-0.014917129984998723,0.010277863848435403,45.73145080338889,0.008122206961972024,-1.129131000706185,0.014693140117693737,1.0,0.47581167960714393,0.0,0.58,0.9811452050784162,125,nested_validation
2022-04-11,0.014693140117693737,0.05226892410182393,0.032131287685979615,0.0014781348225247903,0.010858689830287637,52.31552868320315,0.020726546502870515,-1.559443923676787,-0.022647083883964747,0.0,0.6002179760630992,1.0,0.58,0.9811452050784162,125,nested_validation
2022-04-12,-0.022647083883964747,0.007585568500474649,0.007630195059487699,-0.018974417591573034,0.011684648431168107,43.43899181588955,0.019230982031440448,-0.16720458812120434,-0.0009444819649687686,0.0,0.4296900034713682,0.0,0.58,0.9811452050784162,125,nested_validation
2022-04-13,-0.0009444819649687686,0.009923067190621193,0.005994818334713159,-0.01814567681347501,0.011647153945667451,43.117856856526394,0.021478704648754385,3.1958628660721637,-0.013438127084349105,0.0,0.4772662068531759,0.0,0.58,0.9811452050784162,125,nested_validation
2022-04-14,-0.013438127084349105,-0.005694071869929873,-0.007725167305417502,-0.029325169221740666,0.011903478566773186,38.734333568336034,0.011755048463032464,0.4157493191053545,-0.01072567396133961,0.0,0.4188478970912317,-1.0,0.58,0.9811452050784162,125,nested_validation
2022-04-15,-0.01072567396133961,-0.03302148199820831,-0.01872068708514174,-0.037838367864317046,0.012045616845941264,35.660056296305825,0.022643588207156097,-1.1198266476780676,-0.0016263070372537491,0.0,0.4393172804655589,0.0,0.58,0.9811452050784162,125,nested_validation
2022-04-18,-0.0016263070372537491,-0.04857352842543605,-0.020427407207900927,-0.037620087423222426,0.012018437316162691,35.20864170915043,0.003217839455921373,-0.14188679159117967,0.009815483296365501,1.0,0.4778477742821003,0.0,0.58,0.9811452050784162,125,nested_validation
2022-04-19,0.009815483296365501,-0.016972102531734534,-0.00987152794222168,-0.026385788722132264,0.012253858176658198,40.12690979388889,0.024036864488899818,-0.09822377986304587,0.0035672504947499295,1.0,0.4644075184409715,0.0,0.58,0.9811452050784162,125,nested_validation
2022-04-20,0.0035672504947499295,-0.012532750770243073,-0.006068728637872778,-0.020996087999082147,0.012002435915591813,41.87087386875445,0.014296119885678435,-1.3344680499390569,-0.008980770806557903,0.0,0.35451147570068803,-1.0,0.58,0.9811452050784162,125,nested_validation
2022-04-21,-0.008980770806557903,-0.008071303938267493,-0.01364352413768033,-0.027484756529386423,0.012100740370669523,38.79615300929581,0.015161138794970892,0.2558409550860366,-0.000772999990095169,0.0,0.46456054144141273,0.0,0.58,0.9811452050784162,125,nested_validation
2022-04-22,-0.000772999990095169,0.0019080745362105578,-0.01127011387901422,-0.026269521826833953,0.012088487713116094,38.53619979360099,0.013901692293463821,1.90456763960421,-0.006346996232422519,0.0,0.524400858327264,0.0,0.58,0.9811452050784162,125,nested_validation
2022-04-25,-0.006346996232422519,-0.0028293265545368262,-0.012302138102913918,-0.030335898588192967,0.012121473060628777,36.38225887595119,0.011673656859960885,-0.8312383338696581,-0.014419055309648487,0.0,0.45130774884436675,0.0,0.58,0.9811452050784162,125,nested_validation
2022-04-26,-0.014419055309648487,-0.026760402659167015,-0.022238201996497287,-0.04152215207000298,0.010947777645621552,32.030043046597996,0.022484817307541594,-0.6975069286839488,-0.009368749641077367,0.0,0.5098426829160335,0.0,0.58,0.9811452050784162,125,nested_validation
2022-04-27,-0.009368749641077367,-0.03930547879351365,-0.026293929084511447,-0.04763937349583025,0.011009317592747508,29.589013387675962,0.020262802736680553,-0.07900630472415282,-0.006250189380653137,0.0,0.5267830264401789,0.0,0.58,0.9811452050784162,125,nested_validation
2022-04-28,-0.006250189380653137,-0.036658451835510086,-0.028006350250621703,-0.05070888459211276,0.010948261340499314,28.06666319183563,0.020405779909587096,0.23343710550828994,-0.006852795541030021,0.0,0.5803084465321819,1.0,0.58,0.9811452050784162,125,nested_validation
2022-04-29,-0.006852795541030021,-0.042519902395295905,-0.03069807166205385,-0.054196148804861566,0.010756000152447995,26.46874766470171,0.018252379884716036,-0.2226367321270073,-0.010388640547263184,0.0,0.594896040391209,1.0,0.58,0.9811452050784162,125,nested_validation
2022-05-02,-0.010388640547263184,-0.046414414844193286,-0.03599177537829401,-0.06067327688466628,0.010893251976931768,24.231884220202787,0.014645627182767393,-0.6347814432690557,0.018923825716449016,1.0,0.6107176040305405,1.0,0.58,0.9811452050784162,125,nested_validation
2022-05-03,0.018923825716449016,-0.014153958830566693,-0.01365589284183455,-0.03990531039969547,0.010710766946591533,34.910534394845,0.01117407915874541,0.8924602739482055,-0.011560192726809415,0.0,0.5302456045037223,0.0,0.58,0.9811452050784162,125,nested_validation
2022-05-04,-0.011560192726809415,-0.016334816228043558,-0.019494762550176792,-0.04815963320686378,0.010891973988854517,31.89708816284326,0.01157161680107487,0.9166290423777343,0.0016094274486195825,1.0,0.5016533226862127,0.0,0.58,0.9811452050784162,125,nested_validation
2022-05-05,0.0016094274486195825,-0.008554959215617775,-0.013361569615911284,-0.04380813906863157,0.010882209689610569,32.75727637366376,0.010220663460413988,0.7951297068831336,-0.0076662812485750464,0.0,0.47403701490620415,0.0,0.58,0.9811452050784162,125,nested_validation
2022-05-06,-0.0076662812485750464,-0.009367050682898115,-0.01569405246872202,-0.048068350329856346,0.009883529154143724,30.7609826529863,0.020400212855333246,-0.3294182263142898,0.004208338371059606,1.0,0.5158552128697386,0.0,0.58,0.9811452050784162,125,nested_validation
2022-05-09,0.004208338371059606,0.0052449969041206135,-0.007312695317448381,-0.041197575026816424,0.009117529011229612,33.15088764689247,0.0183924190308885,0.22944945429684888,-0.01524235604996571,0.0,0.4377546505153438,0.0,0.58,0.9811452050784162,125,nested_validation
2022-05-10,-0.01524235604996571,-0.02846251136800715,-0.018213565752718708,-0.05345222962343643,0.008511133788679058,29.202660602962567,0.022556375323525193,-0.027411566700170715,0.0008734883606400512,1.0,0.5104465158707536,0.0,0.58,0.9811452050784162,125,nested_validation
2022-05-11,0.0008734883606400512,-0.01624144620120016,-0.014121288580670854,-0.05016681741903628,0.00855631841115965,29.711418077667417,0.023316329914288197,-0.09523387055293678,0.0005999436212871245,1.0,0.5170022075050367,0.0,0.58,0.9811452050784162,125,nested_validation
2022-05-12,0.0005999436212871245,-0.01723293881583099,-0.010962357773334652,-0.047428909423093524,0.008345522998954438,30.083374031534248,0.03447813207969179,1.3305135018584167,0.004907755251509993,1.0,0.5245188739016957,0.0,0.58,0.9811452050784162,125,nested_validation
2022-05-13,0.004907755251509993,-0.0047801231300360625,-0.004693401056812929,-0.04111829682294743,0.008367072216982024,33.19942496640343,0.012055832089677006,-0.40669696482156187,-0.015756388784352704,0.0,0.3819160617359829,-1.0,0.58,0.9811452050784162,125,nested_validation
2022-05-16,-0.015756388784352704,-0.02456615013473329,-0.01846856244095685,-0.05410601780776669,0.008826440659576412,28.74784611379603,0.01133816433552961,0.18776769690649983,-0.0021778351316066313,0.0,0.4433546376883085,0.0,0.58,0.9811452050784162,125,nested_validation
2022-05-17,-0.0021778351316066313,-0.011625325542680698,-0.016618579114421772,-0.05331190539028652,0.008295946747282706,28.193991632022446,0.0165783731005177,0.62263878077612,-0.005059415867471828,0.0,0.522591881450378,0.0,0.58,0.9811452050784162,125,nested_validation
2022-05-18,-0.005059415867471828,-0.017484140221298294,-0.018270610165075363,-0.055200121608447894,0.008110640158843371,26.900214941328827,0.02430110113406334,-1.5492325294577702,0.005677474816001338,1.0,0.5700806629917461,0.0,0.58,0.9811452050784162,125,nested_validation
2022-05-19,0.005677474816001338,-0.012498376471129613,-0.009723316914068247,-0.04700299316944012,0.008330664918730135,30.722571381020614,0.01970709423487906,-0.5679632245957293,0.004756591323645143,1.0,0.3521058051471251,-1.0,0.58,0.9811452050784162,125,nested_validation
2022-05-20,0.004756591323645143,-0.012646922069872835,-0.0032602161768959803,-0.039175000494966694,0.008514706083101816,33.86061699087284,0.034437625156971415,0.3610322215994563,0.0027024404089883713,1.0,0.5333769068357792,0.0,0.58,0.9811452050784162,125,nested_validation
2022-05-23,0.0027024404089883713,0.005870223087433679,0.0013551165735650184,-0.03282995502521513,0.00859025957393615,35.652481347061894,0.030388391182185646,-0.17786524692029773,0.006357511173603614,1.0,0.5508947257093786,0.0,0.58,0.9811452050784162,125,nested_validation
2022-05-24,0.006357511173603614,0.014474412285097715,0.007449806387624491,-0.023882046818207048,0.008403686109340822,39.795900037703646,0.02200529081755397,-0.8443178438495285,-0.006133904412999436,0.0,0.5932673709933446,1.0,0.58,0.9811452050784162,125,nested_validation
2022-05-25,-0.006133904412999436,0.013378828133525866,0.001707318202694097,-0.026909340519961855,0.008290389613711452,37.28544095396481,0.013694719770828659,-0.11600159463415266,0.0018139125811644785,1.0,0.45681405255075896,0.0,0.58,0.9811452050784162,125,nested_validation
2022-05-26,0.0018139125811644785,0.009485679218485865,0.003840754237416588,-0.022685769792343047,0.008261343333880003,38.51313202056242,0.009152466166364892,0.31948733346903,0.0029404177554650524,1.0,0.4531177696598313,0.0,0.58,0.9811452050784162,125,nested_validation
2022-05-27,0.0029404177554650524,0.007660957466088414,0.007310577724815914,-0.01779890980608856,0.008214942033501644,40.54852277914194,0.019133353418871887,-0.4287488653027713,0.0006088717518042408,1.0,0.4507646078000917,0.0,0.58,0.9811452050784162,125,nested_validation
2022-05-30,0.0006088717518042408,0.005557035791420306,0.006774182974217835,-0.01525371813510179,0.007926461086081773,40.98544204096909,0.0258349536056756,-0.39574685429993234,-0.014674665529114561,0.0,0.5340211676589767,0.0,0.58,0.9811452050784162,125,nested_validation
2022-05-31,-0.014674665529114561,-0.015458411528849414,-0.00788088301241785,-0.026975626400332686,0.007182539703676469,34.416484355502064,0.020037355614529958,-1.3089818932598702,0.00240341275336986,1.0,0.3923008913283473,-1.0,0.58,0.9811452050784162,125,nested_validation
2022-06-01,0.00240341275336986,-0.0070011919480820195,-0.0061136547665824326,-0.021839275118068824,0.006898251840475681,36.19375875494341,0.027513773691995633,-1.1678622673858523,-0.025031294160234863,0.0,0.5393216188449361,0.0,0.58,0.9811452050784162,125,nested_validation
2022-06-02,-0.025031294160234863,-0.0336101838589995,-0.028633512230560876,-0.043102974920381065,0.00856623391713397,27.741513274262488,0.011953939424036818,-0.0010675156731005137,0.00057392989579097,1.0,0.510925765355427,0.0,0.58,0.9811452050784162,125,nested_validation
2022-06-03,0.00057392989579097,-0.03589042875403359,-0.02529645422989335,-0.039353090681095715,0.008515215428052406,28.145477979851904,0.011400283329016192,-1.094325080269057,0.009388818170015911,1.0,0.5106429778659176,0.0,0.58,0.9811452050784162,125,nested_validation
2022-06-06,0.009388818170015911,-0.027430749237096208,-0.013960213701903146,-0.027593661735653474,0.00878329553799824,34.59126913346279,0.011055636119304216,-1.1341487642460615,-0.009130228249919603,0.0,0.41125922937842846,-1.0,0.58,0.9811452050784162,125,nested_validation
2022-06-07,-0.009130228249919603,-0.02195809059138676,-0.019273437340807997,-0.03394704662536818,0.00841672717189966,31.59516671094265,0.01028928213076311,-0.134768903597944,0.013301051789508467,1.0,0.43781019491249484,0.0,0.58,0.9811452050784162,125,nested_validation
2022-06-08,0.013301051789508467,-0.011325297890018349,-0.004389792893622291,-0.019267555290533478,0.009022080622594212,39.712659279415504,0.02374283711314621,0.15877792992975626,0.0025454536633833236,1.0,0.5601417019515867,0.0,0.58,0.9811452050784162,125,nested_validation
2022-06-09,0.0025454536633833236,0.016639120635798976,-7.464678291291271e-05,-0.015224864530046567,0.009050292099477645,41.17057396357378,0.016097062810240762,0.48071443435360195,0.0036321001448036405,1.0,0.47838934801484956,0.0,0.58,0.9811452050784162,125,nested_validation
2022-06-10,0.0036321001448036405,0.019746392792124867,0.005286536631624594,-0.010443074751777082,0.00901285451700389,43.283558558687574,0.020047023381875147,0.23421685074590815,0.0004226783825387326,1.0,0.4603634428039258,0.0,0.58,0.9811452050784162,125,nested_validation
2022-06-13,0.0004226783825387326,0.010688249348327128,0.007467456795087646,-0.009182705410513248,0.008360195007231414,43.53863160452587,0.016839952451712346,-1.2738050240041734,0.0036555355622363006,1.0,0.5222214681953219,0.0,0.58,0.9811452050784162,125,nested_validation
2022-06-14,0.0036555355622363006,0.023729742400502074,0.011022602104456602,-0.004195490366999399,0.008389698116750138,45.80947979490063,0.016752117503558636,1.6398507008994705,-0.014474008617447964,0.0,0.5579790336592544,0.0,0.58,0.9811452050784162,125,nested_validation
2022-06-15,-0.014474008617447964,-0.004331173341524108,-0.0020343994242943975,-0.01718001818746251,0.008910429126621723,39.08241942797355,0.016397608958358192,3.2954683375410236,0.0029792014349199203,1.0,0.5173162302105242,0.0,0.58,0.9811452050784162,125,nested_validation
2022-06-16,0.0029792014349199203,-0.003900400718523822,-0.0003135614531150077,-0.012856855147992396,0.008837010450550365,40.97590968497057,0.008807077302762579,-1.495759445918914,0.012884483814017411,1.0,0.3708969638120776,-1.0,0.58,0.9811452050784162,125,nested_validation
2022-06-17,0.012884483814017411,0.005282541580723832,0.010059394148427048,0.0005906518438811847,0.009249788531089322,48.45954240071012,0.019929639864375702,1.2658150978502365,-0.01239408474944348,0.0,0.4538818033476472,0.0,0.58,0.9811452050784162,125,nested_validation
2022-06-20,-0.01239408474944348,-0.00759648295017612,-0.002757957315889903,-0.010538716284876348,0.009594800714265337,42.76957086182333,0.017091383851196927,-1.1407182070692665,-0.007636911107879896,0.0,0.4599372499648425,0.0,0.58,0.9811452050784162,125,nested_validation
2022-06-21,-0.007636911107879896,-0.018762329592214466,-0.010814500983647002,-0.017095749913791147,0.009548987851991948,39.713649177503676,0.01531512224510684,-0.09461674570452817,-0.008779067072473001,0.0,0.4362462022768324,0.0,0.58,0.9811452050784162,125,nested_validation
2022-06-22,-0.008779067072473001,-0.013092168456372177,-0.01779657067967022,-0.024422382965911482,0.009628629762550254,36.508913920950505,0.014260107944222868,-0.5685356228265651,0.013399458743188042,1.0,0.4443501413657359,0.0,0.58,0.9811452050784162,125,nested_validation
2022-06-23,0.013399458743188042,-0.002838881519298231,-0.003964010588544786,-0.010438480230974156,0.010159402794175086,43.88649208890682,0.00971743613411021,-1.9326432081892115,0.0016069733189212343,1.0,0.3882732639852981,-1.0,0.58,0.9811452050784162,125,nested_validation
2022-06-24,0.0016069733189212343,-0.013941327216386079,-0.0014858593529627484,-0.007820819573788218,0.010136563684069129,44.727112590163976,0.013468120669427215,0.3238482848253379,0.01614030558044588,1.0,0.392764496737587,-1.0,0.58,0.9811452050784162,125,nested_validation
2022-06-27,0.01614030558044588,0.014548359431796776,0.013931430666977995,0.00815836589778307,0.0108200438600097,52.445235695266895,0.007210368228826802,-0.804644454818867,0.0019184310890170142,1.0,0.4688611025164784,0.0,0.58,0.9811452050784162,125,nested_validation
2022-06-28,0.0019184310890170142,0.02431732087159988,0.015353334395826979,0.009918553447902934,0.010322981276364374,53.293535477899766,0.024104032485229063,-0.3009854442807413,-0.007935328361401761,0.0,0.4950411086648318,0.0,0.58,0.9811452050784162,125,nested_validation
2022-06-29,-0.007935328361401761,0.02518923161049824,0.006117477428177143,0.0018299101135368367,0.010466098924118908,49.36349544095764,0.017183483206480984,2.5833881277314084,-0.0025543825559992683,0.0,0.6609411013897472,1.0,0.58,0.9811452050784162,125,nested_validation
2022-06-30,-0.0025543825559992683,0.009049785154671364,0.0029287619766753537,-0.0005292441739835896,0.008809297630630384,48.14254731279557,0.017883187031650503,-0.7847909009283013,-0.005183010176502467,0.0,0.5217274870729021,0.0,0.58,0.9811452050784162,125,nested_validation
2022-07-01,-0.005183010176502467,0.002209346170347626,-0.0010831363431005325,-0.005180123174497786,0.008911237781953654,45.67998465372847,0.018668302514494705,0.7177445089751304,0.004377917321636948,1.0,0.4177084437008998,-1.0,0.58,0.9811452050784162,125,nested_validation
2022-07-04,0.004377917321636948,-0.009391783497989636,0.0027875121648879286,-0.00034674292123337835,0.008731760240993959,48.08313030679445,0.0067742050301752245,0.8438900415472246,0.019928854111250338,1.0,0.39915492598028074,-1.0,0.58,0.9811452050784162,125,nested_validation
2022-07-05,0.019928854111250338,0.008415327814564222,0.019447180465726355,0.019605133423357346,0.009409956100108512,57.36934687103107,0.00770236439684793,0.6100599259244929,0.002626398186639456,1.0,0.5231327193078178,0.0,0.58,0.9811452050784162,125,nested_validation
2022-07-06,0.002626398186639456,0.019151126844318078,0.01766230573822125,0.02200855461624296,0.009043274577274938,58.445275635229976,0.020373979794078154,-0.7665597712877047,-0.011758751905907916,0.0,0.5238737492481601,0.0,0.58,0.9811452050784162,125,nested_validation
2022-07-07,-0.011758751905907916,0.009746460333386775,0.0038247372551973857,0.010186386776096068,0.009476355706936435,52.08992208370834,0.007405652567581309,-0.6839428487507004,0.010736115707546068,1.0,0.5733448165000089,0.0,0.58,0.9811452050784162,125,nested_validation
2022-07-08,0.010736115707546068,0.025904488571195206,0.01178921433243385,0.020961938724218365,0.0097119553669658,56.66847172547192,0.012810184734981463,-0.6239047266224188,-0.005349467630223592,0.0,0.4620520309054642,0.0,0.58,0.9811452050784162,125,nested_validation
2022-07-11,-0.005349467630223592,0.01596861910207603,0.0057303439182292415,0.015636682348948883,0.009810034339055113,53.8760399912331,0.025717752877443982,-1.0151035765343117,0.011659530799232654,1.0,0.6082270044536096,1.0,0.58,0.9811452050784162,125,nested_validation
2022-07-12,0.011659530799232654,0.007731404366603023,0.015807863613599205,0.026699021114517496,0.010081560883691457,58.63487962290528,0.019845707443653406,0.15521001068062673,-0.006647522515184634,0.0,0.5458949201841379,0.0,0.58,0.9811452050784162,125,nested_validation
2022-07-13,-0.006647522515184634,-0.0015897357407552715,0.007304068002495834,0.01941453349587996,0.009609938293356145,55.103446014942136,0.01603832342762566,0.23932026274825927,0.005781142373552317,1.0,0.47548201835240334,0.0,0.58,0.9811452050784162,125,nested_validation
2022-07-14,0.005781142373552317,0.016130644294391372,0.010529685209929918,0.02378628799273197,0.009650804410731757,57.485616317567576,0.021081541808092352,0.16905918718680576,-0.008335716674357507,0.0,0.5885367885087148,1.0,0.58,0.9811452050784162,125,nested_validation
2022-07-15,-0.008335716674357507,-0.003042978795679052,-0.00012573429187079377,0.01405483198509283,0.009521992752830125,53.0865383734469,0.026828550288794197,-0.13810881173983314,-0.004484654239405361,0.0,0.5326600128238315,0.0,0.58,0.9811452050784162,125,nested_validation
2022-07-18,-0.004484654239405361,-0.0021761599945534504,-0.005952627881674388,0.008779212579629991,0.009131161243383508,50.85072776117195,0.012784619232055972,-1.097363287680872,-0.010149525025304973,0.0,0.45091476187186585,0.0,0.58,0.9811452050784162,125,nested_validation
2022-07-19,-0.010149525025304973,-0.023686950104484183,-0.014451033987787798,-0.0021381830914790623,0.009265093327879542,46.13616428980407,0.006159356402177917,1.5488870368101464,0.0024308477685335284,1.0,0.5171934726007887,0.0,0.58,0.9811452050784162,125,nested_validation
2022-07-20,0.0024308477685335284,-0.014764305242088605,-0.010432270411677935,-3.975388010823977e-05,0.009000940789734261,47.38167553041797,0.018027857186069383,0.4907999125596071,-0.014327881494355488,0.0,0.386275525237287,-1.0,0.58,0.9811452050784162,125,nested_validation
2022-07-21,-0.014327881494355488,-0.03446255495737616,-0.022775682878175108,-0.01413591759055699,0.009181103806345675,41.304386697853765,0.02925076371638346,-1.1067015676759062,0.020503462339521716,1.0,0.4802405828491125,0.0,0.58,0.9811452050784162,125,nested_validation
2022-07-22,0.020503462339521716,-0.006383186071763136,-0.0017938940844521856,0.005756813042596676,0.010210047819293524,50.875454404915274,0.02589796846686208,0.4966675406994217,-0.010244370822313442,0.0,0.5740409010638496,0.0,0.58,0.9811452050784162,125,nested_validation
2022-07-25,-0.010244370822313442,-0.0121319183887586,-0.010603621333394764,-0.004508183862210746,0.009863205888419432,46.694479737864015,0.012633434807504387,1.2151479980573465,0.006253158095001821,1.0,0.40623036113712685,-1.0,0.58,0.9811452050784162,125,nested_validation
2022-07-26,0.006253158095001821,0.0042379147496744984,-0.002436490890597609,0.0016691722626274164,0.009957852333123579,49.399974826716566,0.019447452323113366,-1.560748987984536,-0.004425146371563549,0.0,0.5176597262648024,0.0,0.58,0.9811452050784162,125,nested_validation
2022-07-27,-0.004425146371563549,-0.0026304385877288228,-0.005105666289675459,-0.0031445213111194192,0.009849140098431328,47.549264129760274,0.018532451288268262,0.8085239954746578,0.005674983419954094,1.0,0.41303614274601413,-1.0,0.58,0.9811452050784162,125,nested_validation
2022-07-28,0.005674983419954094,0.017609809900602125,0.002322419834450029,0.0020387202147527095,0.009903829716890081,50.11874133702349,0.01595681241878932,0.6761375528734012,0.012634103805226893,1.0,0.47788155337049065,0.0,0.58,0.9811452050784162,125,nested_validation
2022-07-29,0.012634103805226893,0.009762765047108823,0.0146453664544679,0.01422145448178913,0.010154919313782356,55.38819026342406,0.012298937656283218,-1.0997129278559261,0.002597449368751281,1.0,0.4932397021696592,0.0,0.58,0.9811452050784162,125,nested_validation
2022-08-01,0.002597449368751281,0.02286417258862561,0.016211243851296464,0.015869218912591743,0.010135719812131391,56.420360454618475,0.025536332987202162,1.7298479164039826,8.217948317312818e-05,1.0,0.6301070637699202,1.0,0.58,0.9811452050784162,125,nested_validation
2022-08-02,8.217948317312818e-05,0.016591324765916626,0.014184715451703855,0.01471044722727477,0.009185941570031029,56.45477718282179,0.024607722082818043,-0.9174154659936143,-0.021820658144826255,0.0,0.6037368199673808,1.0,0.58,0.9811452050784162,125,nested_validation
2022-08-03,-0.021820658144826255,-0.001171404268581644,-0.007570031308869241,-0.008195784347225898,0.010343695828400033,46.053759225184955,0.015715380529364668,-1.2318646005659002,-0.009416885654301432,0.0,0.43181731902632964,0.0,0.58,0.9811452050784162,125,nested_validation
2022-08-04,-0.009416885654301432,-0.016160531613818918,-0.01702804949672687,-0.017561345312064103,0.01023345090943012,42.49456900802765,0.012666914419617295,-1.2550243335424682,-0.008872426703227076,0.0,0.5150516185604678,0.0,0.58,0.9811452050784162,125,nested_validation
2022-08-05,-0.008872426703227076,-0.03705551575740862,-0.02304237364100581,-0.025969366806342098,0.010014148064284495,39.431608917766454,0.02569605979433105,0.4858197122360674,-0.006699597268685409,0.0,0.5394301611571058,0.0,0.58,0.9811452050784162,125,nested_validation
2022-08-08,-0.006699597268685409,-0.045984862011882344,-0.02724930315782992,-0.03146485009558364,0.010042205098652161,37.26665413360717,0.021964684615286553,1.6665462124424253,0.0072859397562572425,1.0,0.47240267485155873,0.0,0.58,0.9811452050784162,125,nested_validation
2022-08-09,0.0072859397562572425,-0.039112930392711576,-0.017879264364915937,-0.02353570685914319,0.009789193131369514,41.03296201913289,0.029690152727047597,0.3897640672767286,0.015190636898724685,1.0,0.567465149534742,0.0,0.58,0.9811452050784162,125,nested_validation
2022-08-10,0.015190636898724685,-0.0027559216980483914,-0.002568444247094903,-0.008569281389643635,0.010419698833815792,48.082476382663465,0.02421837182817519,-0.7437464182212518,-0.003055326596776986,0.0,0.44687287503131595,0.0,0.58,0.9811452050784162,125,nested_validation
2022-08-11,-0.003055326596776986,0.003648414300627234,-0.004355474821287619,-0.011449458573520421,0.010308820828176527,46.85084358169863,0.021278789811000298,0.6636481260147591,-0.0021584020578503393,0.0,0.4946628513548617,0.0,0.58,0.9811452050784162,125,nested_validation
2022-08-12,-0.0021584020578503393,0.010447256720572673,-0.0037584462859755474,-0.01353355997802852,0.010190013136078745,45.95797861127374,0.013354552572468722,1.2556304906619375,0.005014970779862349,1.0,0.45901502689516377,0.0,0.58,0.9811452050784162,125,nested_validation
2022-08-15,0.005014970779862349,0.022364047568309342,0.0037775785634435177,-0.008557169103339368,0.010244764916790496,48.412653112520786,0.019935243131080155,-0.7953504729314379,-0.001442935486751784,0.0,0.4616628841796402,0.0,0.58,0.9811452050784162,125,nested_validation
2022-08-16,-0.001442935486751784,0.013504509405470433,0.005032789744070731,-0.009258145238301596,0.010015336229907305,47.73741500155117,0.00941790283304249,0.12647840563440518,0.004430025701838147,1.0,0.48079398432848863,0.0,0.58,0.9811452050784162,125,nested_validation
2022-08-17,0.004430025701838147,0.002761770479784653,0.009485290437567517,-0.004192637713778757,0.010051403515700788,50.03808354741865,0.012379380642719992,-0.2472624034530993,0.003810705020503846,1.0,0.4435023986239815,0.0,0.58,0.9811452050784162,125,nested_validation
2022-08-18,0.003810705020503846,0.009667864874383092,0.011981015313366816,-0.0002429412086649707,0.009535381423422936,52.0040287522571,0.011214125853866887,-0.052044864079929434,-0.010661499470535962,0.0,0.5204142650018692,0.0,0.58,0.9811452050784162,125,nested_validation
2022-08-19,-0.010661499470535962,0.001063990043758123,5.125322753185557e-05,-0.010040808747131313,0.008691937942884816,46.47326658081813,0.02184345708115718,1.031710431435085,-0.0076308200680318405,0.0,0.47245597345594137,0.0,0.58,0.9811452050784162,125,nested_validation
2022-08-22,-0.0076308200680318405,-0.011532086842169775,-0.008609428183680268,-0.01666954099337825,0.008567589799823657,42.98694760986154,0.0186996964030049,0.27414824699149587,0.009870002801729116,1.0,0.39808262238416015,-1.0,0.58,0.9811452050784162,125,nested_validation
2022-08-23,0.009870002801729116,-0.00033345143203522554,-0.00012531012665828456,-0.005958410790731783,0.008747886824524619,48.34358441176571,0.02083412377969551,1.4367593979151627,-0.0022107222240207447,0.0,0.49594304089103575,0.0,0.58,0.9811452050784162,125,nested_validation
2022-08-24,-0.0022107222240207447,-0.006942705824161233,-0.0019157641708199558,-0.0073032696207773196,0.008711185043800782,47.261910786313294,0.020062565109641967,0.005345847916288633,0.012784042520201933,1.0,0.429775153778575,0.0,0.58,0.9811452050784162,125,nested_validation
2022-08-25,0.012784042520201933,0.0019345040049514317,0.00967134240908707,0.006024168137942931,0.009087462594399657,53.69920535387537,0.01863956307036654,1.7423999792120084,-0.016371708398805418,0.0,0.5111441038284129,0.0,0.58,0.9811452050784162,125,nested_validation
2022-08-26,-0.016371708398805418,-0.0038484058355616746,-0.006582817626095472,-0.009557195145271424,0.009266078028509895,45.87742904034239,0.017323981753544562,-0.33929384481024377,0.0035931057047005055,1.0,0.3739125803763513,-1.0,0.58,0.9811452050784162,125,nested_validation
2022-08-29,0.0035931057047005055,0.007418299920110005,-0.002594021625801801,-0.005374161209440453,0.009290406143701375,47.65016690999571,0.007130689176986903,0.09501706434091263,0.01205993744834677,1.0,0.4862454529220937,0.0,0.58,0.9811452050784162,125,nested_validation
2022-08-30,0.01205993744834677,0.00960291797244417,0.008499973445007525,0.006505542530545805,0.009742605603232693,53.209711763076754,0.00363099328740534,-1.1486713729316804,0.0039844266192701205,1.0,0.5468757674914156,0.0,0.58,0.9811452050784162,125,nested_validation
2022-08-31,0.0039844266192701205,0.015871416230314184,0.011622894229634806,0.010347097309825193,0.008505507478263811,54.93313895804548,0.030729985742478858,-1.0403599014065241,-0.002094411711640931,0.0,0.5412322166223953,0.0,0.58,0.9811452050784162,125,nested_validation
2022-09-01,-0.002094411711640931,0.0009476064769444736,0.009211167307916046,0.007649958631171572,0.008224786174630336,53.80676655831796,0.026415706215380922,-1.0244907513367165,-0.011545336570232934,0.0,0.5114978218779385,0.0,0.58,0.9811452050784162,125,nested_validation
2022-09-02,-0.011545336570232934,0.0058589590387070345,-0.0026379150973485643,-0.003497069985776813,0.008401360585950556,47.97881683515157,0.011161587449590428,0.5446942612318763,0.002634448312220261,1.0,0.48216103800221244,0.0,0.58,0.9811452050784162,125,nested_validation
2022-09-05,0.002634448312220261,0.0048981372460961126,-0.001229108172419613,-0.0008161022553131447,0.008234519360656499,49.31235526557611,0.014811180356065436,-0.058760447707505464,-0.0035226163648466313,0.0,0.4406574521501799,0.0,0.58,0.9811452050784162,125,nested_validation
2022-09-06,-0.0035226163648466313,-0.010574147270861367,-0.004641008333461261,-0.0039556308388162265,0.008170113177912525,47.552403541608946,0.018298929059727586,-0.1585901457468426,0.006916471050299133,1.0,0.39370636382924507,-1.0,0.58,0.9811452050784162,125,nested_validation
2022-09-07,0.006916471050299133,-0.0076846198195448245,0.0014403826740874148,0.0029371122307868536,0.007613029745962841,51.220601735197924,0.02308942520192912,-0.3691186259086209,0.011649870511528215,1.0,0.5505512673285541,0.0,0.58,0.9811452050784162,125,nested_validation
2022-09-08,0.011649870511528215,0.005982667747193027,0.012400534710890199,0.014422264497652826,0.007963228194912615,56.74605138082535,0.019160692542700537,1.7251084554223668,-0.003088959253807033,0.0,0.5492799616333497,0.0,0.58,0.9811452050784162,125,nested_validation
2022-09-09,-0.003088959253807033,0.01458899975916128,0.007227905361460341,0.011625743394728882,0.007983977680292598,54.948052222014866,0.016874741042758396,-0.9984201451262349,0.021697328138723604,1.0,0.48516199083006295,0.0,0.58,0.9811452050784162,125,nested_validation
2022-09-12,0.021697328138723604,0.033879168981113095,0.02512777094100005,0.033255038419320426,0.009154944575923953,63.636701627377725,0.018023226245910975,-0.4237284524674293,-0.011354351429336051,0.0,0.5733754433848405,0.0,0.58,0.9811452050784162,125,nested_validation
2022-09-13,-0.011354351429336051,0.025753477547338255,0.011981657039082272,0.021608905756322017,0.009572722097938365,57.276403706168594,0.024358587546306553,-0.8939455883153669,-0.0042943005226500075,0.0,0.5644226171438844,0.0,0.58,0.9811452050784162,125,nested_validation
2022-09-14,-0.0042943005226500075,0.014332979166825632,0.006976802506400981,0.016698547050263413,0.009616437758540632,55.06042883482253,0.017426542593285674,-1.021352112667551,0.012772303620694592,1.0,0.5056481640692232,0.0,0.58,0.9811452050784162,125,nested_validation
2022-09-15,0.012772303620694592,0.015458389205142975,0.017650491031327542,0.028386767697422988,0.009948797705124034,59.99648122526541,0.03131521352351551,1.8313817166057544,-0.006959822568323393,0.0,0.6429735505719201,1.0,0.58,0.9811452050784162,125,nested_validation
2022-09-16,-0.006959822568323393,0.01151550918322064,0.007960183826398959,0.01988889203591837,0.009757905673259158,56.31994783856523,0.010903506798401125,-0.38025085375583845,0.012118937324844481,1.0,0.4872868351260549,0.0,0.58,0.9811452050784162,125,nested_validation
2022-09-19,0.012118937324844481,0.0020325727064196553,0.016573698697726513,0.030246488356756362,0.009788810426979313,60.79383450178471,0.009152144944472045,-0.20411224535049496,0.012712552165501378,1.0,0.4262269597098344,0.0,0.58,0.9811452050784162,125,nested_validation
2022-09-20,0.012712552165501378,0.02642535829251691,0.02420320141495047,0.04111524326291649,0.00991558984497261,64.90386940372538,0.020011154686174502,0.028861321834332168,-0.0007454650271014884,0.0,0.501421277548976,0.0,0.58,0.9811452050784162,125,nested_validation
2022-09-21,-0.0007454650271014884,0.030083682983187865,0.018963493930445496,0.03866154844603531,0.009885333066823343,64.47162917160531,0.02337050070898779,-0.9594160610224157,0.005026079448406939,1.0,0.5346645540758976,0.0,0.58,0.9811452050784162,125,nested_validation
2022-09-22,0.005026079448406939,0.022205052124032676,0.020259224746807192,0.041915432993917756,0.009628842844181133,66.10919716896757,0.030473878693099248,-0.3723331653502458,-0.005275977922017616,0.0,0.5419815568945218,0.0,0.58,0.9811452050784162,125,nested_validation
2022-09-23,-0.005275977922017616,0.02393835007467282,0.011335658209867594,0.0345855387213132,0.00882553031509636,62.819512678444866,0.007054534454465244,-1.5806620422697033,0.004785702688548277,1.0,0.5641625890201102,0.0,0.58,0.9811452050784162,125,nested_validation
2022-09-26,0.004785702688548277,0.016519478737232918,0.014294939399359885,0.03770072028536009,0.008834615710699302,64.53437785553203,0.016443940050407065,-0.2869553262591286,0.0034114512348459858,1.0,0.4566131355994882,0.0,0.58,0.9811452050784162,125,nested_validation
2022-09-27,0.0034114512348459858,0.007183413681561612,0.014379901476166301,0.03923343153528225,0.008582463319864458,65.75278313110431,0.019214772910521608,0.14186365653120328,0.004132488727043082,1.0,0.464879264762218,0.0,0.58,0.9811452050784162,125,nested_validation
2022-09-28,0.004132488727043082,0.012100072993008526,0.014355213408316025,0.04152199564003656,0.008583854849861081,67.22659483618916,0.015388582449176262,-0.09682366846690735,0.008873600737273168,1.0,0.43202379595731516,0.0,0.58,0.9811452050784162,125,nested_validation
2022-09-29,0.008873600737273168,0.015974675510229686,0.0194850829914599,0.048556336709502324,0.008626335487586954,70.20400407970342,0.011940503984110073,1.6903117995647878,0.0066149449639527624,1.0,0.6495873263855663,1.0,0.58,0.9811452050784162,125,nested_validation
2022-09-30,0.0066149449639527624,0.0281196285348424,0.020980709669825348,0.05266870040465044,0.007979302795741387,72.24615535901347,0.014597487276766042,0.15086195440626587,-0.0001330233797962599,0.0,0.5280789493068886,0.0,0.58,0.9811452050784162,125,nested_validation
2022-10-03,-0.0001330233797962599,0.023086675931397016,0.016853592507748205,0.049466334719685534,0.008024011294734307,72.13837338084734,0.01256957143328943,-0.9514172104058173,-0.014863030882937722,0.0,0.5113047259322484,0.0,0.58,0.9811452050784162,125,nested_validation
2022-10-04,-0.014863030882937722,0.004453861704249773,0.0005839175320649925,0.03172930481431968,0.008874686698031974,61.16070295414429,0.017002936723539835,-1.0098908803614945,0.013640535018340172,1.0,0.5307174634481043,0.0,0.58,0.9811452050784162,125,nested_validation
2022-10-05,0.013640535018340172,0.013964951049305618,0.011609597060121546,0.04308095136024215,0.009132730682292757,66.17275725869473,0.010171061649382024,0.17759511734185937,0.006309299030867521,1.0,0.5151105651672013,0.0,0.58,0.9811452050784162,125,nested_validation
2022-10-06,0.006309299030867521,0.011387708417214482,0.01522178250620132,0.04713778897231191,0.008968182823638236,68.24201999589951,0.02402074184573745,2.77073337317932,0.0059178838734463834,1.0,0.6574594602933213,1.0,0.58,0.9811452050784162,125,nested_validation
2022-10-07,0.0059178838734463834,0.010687342281701318,0.01731971398929688,0.05003386797774856,0.008863133133402437,70.10113089030745,0.015525913698813879,-1.1706636638941565,-0.001221322546385295,0.0,0.51764407973364,0.0,0.58,0.9811452050784162,125,nested_validation
2022-10-10,-0.001221322546385295,0.009587265753516094,0.012799852112032939,0.04563921944734095,0.007893168592377145,69.1955201762014,0.015631932023808515,-1.2417370575736546,-0.004551887324833914,0.0,0.5174657042726435,0.0,0.58,0.9811452050784162,125,nested_validation
2022-10-11,-0.004551887324833914,0.020154323490622517,0.005745733436750777,0.03836224899081553,0.007417936581780163,65.78844867639054,0.010351018658973954,-0.028717112313815907,-0.00986573066432539,0.0,0.4716953123576115,0.0,0.58,0.9811452050784162,125,nested_validation
2022-10-12,-0.00986573066432539,-0.0035029965719148848,-0.0051976167123881645,0.026118423124844803,0.007779204642737987,59.034605149516665,0.0223831377625759,-0.7966647726629336,0.011058428580530855,1.0,0.3945044525297049,-1.0,0.58,0.9811452050784162,125,nested_validation
2022-10-13,0.011058428580530855,0.0011998252838396617,0.004545984191842045,0.034991283960879915,0.0076758151714408345,63.511714889217345,0.01714456446238597,-0.49090798221419785,0.018096730131703653,1.0,0.3955801111301669,-1.0,0.58,0.9811452050784162,125,nested_validation
2022-10-14,0.018096730131703653,0.013321549076017458,0.020264346062416116,0.05017150894594735,0.008056895476125722,69.45914578098555,0.013943217218566013,-0.18660545504415987,0.019966143576800377,1.0,0.48712950928812665,0.0,0.58,0.9811452050784162,125,nested_validation
2022-10-17,0.019966143576800377,0.03481751858117277,0.03601829603192108,0.06688853496511427,0.00862351068210097,74.48915326231432,0.01848987165126712,1.7038260560682652,0.01778845428192244,1.0,0.5324286001257849,0.0,0.58,0.9811452050784162,125,nested_validation
2022-10-18,0.01778845428192244,0.05804140797469581,0.04633488077968462,0.08077375653284125,0.008939376863677254,78.03017442033662,0.025120543477186424,1.6563515443876478,-0.005910750437902679,0.0,0.5569324016931461,0.0,0.58,0.9811452050784162,125,nested_validation
2022-10-19,-0.005910750437902679,0.06226763564590243,0.03420059882941007,0.06982739951225403,0.009157645814140192,74.27530608754687,0.013869400001452356,-0.5754500795963511,0.008660424841934411,1.0,0.5445887448196272,0.0,0.58,0.9811452050784162,125,nested_validation
2022-10-20,0.008660424841934411,0.05974817515809949,0.03693638416626399,0.07459494414112489,0.009208351579657608,76.08075899254958,0.022113518524804747,-0.12465297992539352,-0.011585888836163849,0.0,0.5128504138207453,0.0,0.58,0.9811452050784162,125,nested_validation
2022-10-21,-0.011585888836163849,0.028851207950433944,0.020652424501844457,0.05807046579936026,0.009631851352922929,69.0394545092029,0.014488038054593417,-0.1791184731501106,-0.008056926570730427,0.0,0.5359447398900095,0.0,0.58,0.9811452050784162,125,nested_validation
2022-10-24,-0.008056926570730427,0.000584025011733047,0.008934628222697416,0.046542320645668545,0.009983488361009367,64.6129441261645,0.007532943989319234,0.42810210661068393,-0.003311918376018297,0.0,0.46677906286688853,0.0,0.58,0.9811452050784162,125,nested_validation
2022-10-25,-0.003311918376018297,-0.020159672477177426,0.002024940093681371,0.03984272386198007,0.010090539654122377,62.84362165583947,0.028950456295087003,-0.5199660986973582,-0.004636421266782986,0.0,0.5346860758492267,0.0,0.58,0.9811452050784162,125,nested_validation
2022-10-26,-0.004636421266782986,-0.018903609087545292,-0.006631412238106593,0.031848818311264404,0.010224808348056745,60.360008411709885,0.01272525039288031,0.5752416250391653,0.00392744723096583,1.0,0.4324433434172291,0.0,0.58,0.9811452050784162,125,nested_validation
2022-10-27,0.00392744723096583,-0.02350724688082806,-0.006066820998497979,0.033008579811600436,0.010130413279473121,61.733223418222195,0.020564422825397853,0.4084809042581956,-0.0019814147201274723,0.0,0.43510112228096837,0.0,0.58,0.9811452050784162,125,nested_validation
2022-10-28,-0.0019814147201274723,-0.0140186132545973,-0.00943376825441855,0.027935002260544017,0.01012449258394978,60.588379291645275,0.018588444181249147,0.29990056202332993,0.002198420092873965,1.0,0.42719693375967377,0.0,0.58,0.9811452050784162,125,nested_validation
2022-10-31,0.002198420092873965,-0.003824902349415349,-0.006935322263687538,0.027490974545123725,0.010113111173980057,61.44110738406156,0.01300093005619531,-0.08345943895224388,-0.011709145041933544,0.0,0.39134771538245305,-1.0,0.58,0.9811452050784162,125,nested_validation
2022-11-01,-0.011709145041933544,-0.012217807058662267,-0.015355130262722838,0.013613595272653711,0.00986935665777362,54.644591197749676,0.023469146577802868,1.7483473327182095,-0.006691673202060544,0.0,0.6003592078653578,1.0,0.58,0.9811452050784162,125,nested_validation
2022-11-02,-0.006691673202060544,-0.014257404756479408,-0.018679805963148888,0.005206442842078607,0.009687825205937426,51.199713191015896,0.017622959781118448,0.33524542258181034,0.0015081804945384913,1.0,0.45247124900935115,0.0,0.58,0.9811452050784162,125,nested_validation
2022-11-03,0.0015081804945384913,-0.016632849593583687,-0.013185186532806314,0.00521104431706787,0.009617974745544587,51.93032254709246,0.028020802457075326,-0.5673694949396043,-0.00422426245843055,0.0,0.4593225045429468,0.0,0.58,0.9811452050784162,125,nested_validation
2022-11-04,-0.00422426245843055,-0.018842771153904203,-0.014089314905064931,-0.0005630276845827176,0.009611623896314772,49.68328704409998,0.01958976121234029,1.2758261036518996,0.00499603778977975,1.0,0.4902279164291374,0.0,0.58,0.9811452050784162,125,nested_validation
2022-11-07,0.00499603778977975,-0.016103889539410665,-0.007169651950071798,0.0028851163533953894,0.009652260297306366,52.300984062666856,0.00843299811391024,-0.31001562849578496,-0.0131326765278732,0.0,0.4625636378559675,0.0,0.58,0.9811452050784162,125,nested_validation
2022-11-08,-0.0131326765278732,-0.01752109084721154,-0.017278850035610582,-0.01126474404744282,0.01006190423390233,45.5580514104793,0.012714315556144343,-0.11375731031840179,0.00660954175549322,1.0,0.4275766979120354,0.0,0.58,0.9811452050784162,125,nested_validation
2022-11-09,0.00660954175549322,-0.004364890693296486,-0.00892950548055027,-0.005798621453366959,0.009863907288816207,49.07019702477137,0.01844652643935591,2.165920355100345,-0.009075756615798292,0.0,0.4839396724091919,0.0,0.58,0.9811452050784162,125,nested_validation
2022-11-10,-0.009075756615798292,-0.01488676119518495,-0.014800854254972351,-0.015303004457309255,0.009831577454841513,44.77095018605097,0.01864774061444355,-0.7199750938455363,0.0031450357740729906,1.0,0.4760445673574008,0.0,0.58,0.9811452050784162,125,nested_validation
2022-11-11,0.0031450357740729906,-0.0075963714258348025,-0.009057529954806354,-0.01257917568868483,0.008970940540937632,46.50420382374273,0.014173300427782164,1.149392708451506,0.008592267873841264,1.0,0.4188800581015172,-1.0,0.58,0.9811452050784162,125,nested_validation
2022-11-14,0.008592267873841264,-0.004045201420767919,0.0015084480429885527,-0.004756651978623627,0.007953514782837803,51.03916902703601,0.016624785633458303,-1.3538546646077612,0.00784546585047674,1.0,0.4282633140589919,0.0,0.58,0.9811452050784162,125,nested_validation
2022-11-15,0.00784546585047674,0.017126116212373033,0.009436614901350504,0.0016413291882966252,0.007009231438394259,54.83629585554777,0.01407257489332424,-1.9807958311560017,0.010889010150979539,1.0,0.5419871668289087,0.0,0.58,0.9811452050784162,125,nested_validation
2022-11-16,0.010889010150979539,0.02145029444434532,0.018691593393782346,0.011200094606789168,0.007440661379680067,59.560809159542224,0.025480429265623758,0.7263743113808502,0.004887511237692488,1.0,0.46576364620151467,0.0,0.58,0.9811452050784162,125,nested_validation
2022-11-17,0.004887511237692488,0.035843709637865206,0.021577417332538706,0.014831299173778012,0.007243591355410291,61.527368001917544,0.01088785698900837,-0.41383643635339745,-0.01220925325338651,0.0,0.4885747839828031,0.0,0.58,0.9811452050784162,125,nested_validation
2022-11-18,-0.01220925325338651,0.019988929782644327,0.007874831193410037,0.0017551092720533568,0.0072903059675008585,54.37853055807471,0.02069426489804066,0.9607249311445224,0.008316573715760889,1.0,0.4524192059624079,0.0,0.58,0.9811452050784162,125,nested_validation
2022-11-21,0.008316573715760889,0.01971012039831277,0.014674461410660866,0.00907534769425511,0.007373160474118625,57.92123592902091,0.02995540304160678,-1.103712623102312,-0.01002751413256231,0.0,0.555120898569666,0.0,0.58,0.9811452050784162,125,nested_validation
2022-11-22,-0.01002751413256231,0.0016267344151232876,0.0026431595669114127,-0.0018537681980411724,0.007654647756645825,52.575811641704334,0.017389103921589138,-1.0908237895581465,-0.00456686899117742,0.0,0.45497890383777523,0.0,0.58,0.9811452050784162,125,nested_validation
2022-11-23,-0.00456686899117742,-0.01368753015518931,-0.002673745614957368,-0.007384677055569111,0.007652800859718169,50.32091832812995,0.023049426638820845,-1.1040531665576736,0.003765983616135893,1.0,0.4805598461693962,0.0,0.58,0.9811452050784162,125,nested_validation
2022-11-24,0.003765983616135893,-0.014788326678229158,-0.000929386451825498,-0.0043915370097924455,0.007648172630128182,52.13563553601637,0.01944560043670341,0.5891335239103015,-0.006302485077740894,0.0,0.4405806735697693,0.0,0.58,0.9811452050784162,125,nested_validation
2022-11-25,-0.006302485077740894,-0.008896980785975894,-0.008288955975689571,-0.010618415094206246,0.007746153820811691,48.90394441946244,0.028014327435266696,-0.8996326548740755,0.011963470512185603,1.0,0.5007783431537631,0.0,0.58,0.9811452050784162,125,nested_validation
2022-11-28,0.011963470512185603,-0.005312342270733739,0.002158093795441962,0.0015318389714338299,0.008211000448699607,54.618217217832424,0.0215961464380105,-1.6147546289879733,0.020100318539654438,1.0,0.5167871609092544,0.0,0.58,0.9811452050784162,125,nested_validation
2022-11-29,0.020100318539654438,0.02495898722680079,0.019598410832196933,0.02191007669278955,0.008893761004320221,62.33161708929364,0.01606930170004944,1.3707732400468196,0.032312434804222745,1.0,0.5002317625162217,0.0,0.58,0.9811452050784162,125,nested_validation
2022-11-30,0.032312434804222745,0.06293217968971843,0.047456069944732615,0.053811791841292145,0.010959701292973852,71.02797577215209,0.014653199224258626,0.8396483765310769,0.003863192699415041,1.0,0.5701867350343194,0.0,0.58,0.9811452050784162,125,nested_validation
2022-12-01,0.003863192699415041,0.0630351186859206,0.04653117288684738,0.05693046091298681,0.010952792472860998,71.89052854698701,0.013815453761600042,-0.22753173968326806,0.02397123542905244,1.0,0.5667820786341642,0.0,0.58,0.9811452050784162,125,nested_validation
2022-12-02,0.02397123542905244,0.09542125992983963,0.06263156999351249,0.07995250517019392,0.011673218820735852,76.5698705211369,0.013801032606769896,-0.656929719926245,-0.0031182851479620854,0.0,0.59679450861255,1.0,0.58,0.9811452050784162,125,nested_validation
2022-12-05,-0.0031182851479620854,0.07909569456251342,0.05170331362551339,0.07411598875691405,0.011799583942349954,74.7840454742178,0.015627227003497102,0.14899990684489967,0.012183008247003357,1.0,0.519059457456618,0.0,0.58,0.9811452050784162,125,nested_validation
2022-12-06,0.012183008247003357,0.07072050312884559,0.05454854478327742,0.08412253667198488,0.011194133032323231,77.03098033424213,0.019563339226984285,-0.5661240907452805,0.0034745786369489995,1.0,0.5513785149061513,0.0,0.58,0.9811452050784162,125,nested_validation
2022-12-07,0.0034745786369489995,0.04080970982290566,0.04756020145904838,0.08451396280820167,0.011201647304039095,77.6501102474894,0.015037118752092496,3.081872408270351,-0.015804115745819636,0.0,0.6734662057614493,1.0,0.58,0.9811452050784162,125,nested_validation
2022-12-08,-0.015804115745819636,0.020418559171353268,0.022766784430992226,0.06481688756320025,0.011723254346759322,68.56554081519249,0.01698564560700867,0.36524591708174564,-0.011912311064136705,0.0,0.45040682887555067,0.0,0.58,0.9811452050784162,125,nested_validation
2022-12-09,-0.011912311064136705,-0.015340489074954111,0.003193922255106507,0.04999190441135193,0.012298138485114274,62.704767974068965,0.008605821920868149,0.14961768244740364,0.00018181269851558213,1.0,0.452093147037453,0.0,0.58,0.9811452050784162,125,nested_validation
2022-12-12,0.00018181269851558213,-0.01208085186513752,-0.002823637684787217,0.048119706165897336,0.012291773647063242,62.75647007346818,0.008998384143554656,1.1696065360399548,0.019994797435757272,1.0,0.5206252549713318,0.0,0.58,0.9811452050784162,125,nested_validation
2022-12-13,0.019994797435757272,-0.004456325413020323,0.010754257466121464,0.06582676749159533,0.012758616457434707,68.00973325222003,0.025995147372856707,-0.4386328667788401,-0.014025460205774887,0.0,0.49832728421111827,0.0,0.58,0.9811452050784162,125,nested_validation
2022-12-14,-0.014025460205774887,-0.02181805369772194,-0.005184709118765896,0.047986660689121496,0.01328885530647348,61.34281990836818,0.007344383890808035,-0.18991931042979074,-0.009780920589978703,0.0,0.43327457860599083,0.0,0.58,0.9811452050784162,125,nested_validation
2022-12-15,-0.009780920589978703,-0.015831663330967194,-0.015326729802664918,0.0352918570809424,0.013585366798439856,57.19139287452439,0.011069683864364117,-1.0207246417461584,0.010918542724845492,1.0,0.46749945311027813,0.0,0.58,0.9811452050784162,125,nested_validation
2022-12-16,0.010918542724845492,0.006908629509271735,-0.003721526490171323,0.043602413047224564,0.013254252042593949,60.383045910005656,0.014860770144110249,-0.0025862764021127665,0.014605996186321635,1.0,0.4901166631526616,0.0,0.58,0.9811452050784162,125,nested_validation
2022-12-19,0.014605996186321635,0.021429824199176828,0.0099105131879631,0.05545867462549814,0.013431689515726574,64.26335003283839,0.016408116095907838,-0.2863290862778691,-0.0038545606961892798,0.0,0.41461555986127874,-1.0,0.58,0.9811452050784162,125,nested_validation
2022-12-20,-0.0038545606961892798,-0.002453087503136775,0.0067212690251281515,0.04774127115672866,0.013172155926505719,62.498214304313265,0.020940954324648847,0.3943710600933207,-0.006190569851181049,0.0,0.43134759799925143,0.0,0.58,0.9811452050784162,125,nested_validation
2022-12-21,-0.006190569851181049,0.005473760876343325,0.002167470458629195,0.03809249011301574,0.013232030518951398,59.67421470557402,0.029862324126688527,-0.6548211950407864,0.011665272233767787,1.0,0.5244062746514438,0.0,0.58,0.9811452050784162,125,nested_validation
2022-12-22,0.011665272233767787,0.027250340022666686,0.012742141194726386,0.04630203494109453,0.013327229489670323,63.042093341260866,0.020929698113325446,0.3994625098867268,0.015805727996760277,1.0,0.42911799085968033,0.0,0.58,0.9811452050784162,125,nested_validation
2022-12-23,0.015805727996760277,0.03221647974624542,0.024758199055417318,0.058429235160782245,0.013284579451718065,67.09840821520734,0.0182075079547965,0.026964348280765913,-0.013870186838713994,0.0,0.5033446633439321,0.0,0.58,0.9811452050784162,125,nested_validation
2022-12-26,-0.013870186838713994,0.00324603653065636,0.008084632510091172,0.04021940618647113,0.013867362673577091,60.70260926529772,0.015888562683133135,-0.4346769512343449,0.008521558709901456,1.0,0.4316294788979335,0.0,0.58,0.9811452050784162,125,nested_validation
2022-12-27,0.008521558709901456,0.0157103738170552,0.015328369608752723,0.045496325599668985,0.013440195767721652,63.003513627605926,0.020962591622448117,-0.6271921787781808,0.004684308350041411,1.0,0.4466318907495478,0.0,0.58,0.9811452050784162,125,nested_validation
2022-12-28,0.004684308350041411,0.02682490570605567,0.016824840911361383,0.04700091445462107,0.011769796381757078,64.25310906897474,0.017440606917912833,1.093141921838575,0.0059733016466934075,1.0,0.5053793290799203,0.0,0.58,0.9811452050784162,125,nested_validation
2022-12-29,0.0059733016466934075,0.021047641899768044,0.018046495786974148,0.049807666704267284,0.0117903940794585,65.8447660925494,0.020195920681207694,0.14519528777739857,-0.0009328598523116183,0.0,0.4600707929618578,0.0,0.58,0.9811452050784162,125,nested_validation
2022-12-30,-0.0009328598523116183,0.004222677065467195,0.013459706196680354,0.04503732685577977,0.010743728912735926,65.35244758061724,0.02796452149616402,-1.4033462360132776,-0.0009403951535108535,0.0,0.5181650048796652,0.0,0.58,0.9811452050784162,125,nested_validation
2023-01-02,-0.0009403951535108535,0.017389696099592955,0.0104326156117871,0.040597585631249045,0.010708096088480556,64.8267301683227,0.012837376898367694,0.5805471221059214,0.005528458526621094,1.0,0.47798582135570555,0.0,0.58,0.9811452050784162,125,nested_validation
2023-01-03,0.005528458526621094,0.014370276971102935,0.012991310176408533,0.04237122956624706,0.010472865580849687,66.52974817718817,0.011323231418018973,0.42038100554624086,0.011440506654942562,1.0,0.5018640799250671,0.0,0.58,0.9811452050784162,125,nested_validation
2023-01-04,0.011440506654942562,0.021191610487368395,0.019739459683795868,0.04973872241384614,0.010700713770379499,69.80579668650935,0.02375659323822736,-0.15023394687513852,0.0036249930108038786,1.0,0.4913700249163677,0.0,0.58,0.9811452050784162,125,nested_validation
2023-01-05,0.0036249930108038786,0.018807776767447493,0.019399123217831882,0.04899726152380213,0.00993078809636665,70.7924694169815,0.0248648341488179,1.82157941672715,-0.003948581071475998,0.0,0.5931363943709502,0.0,0.61,-1.2391366176471974,188,nested_validation
2023-01-06,-0.003948581071475998,0.01573246770444192,0.01335429241981756,0.04030824590391546,0.009492007923212751,68.16986946032256,0.030618081485608312,-1.616964205572911,-0.007896850340719741,0.0,0.6042946238767807,0.0,0.61,-1.2391366176471974,188,nested_validation
2023-01-09,-0.007896850340719741,0.008659919320439524,0.0027780618343944408,0.02827291718006464,0.009769894839751722,63.1510148813055,0.018966538897018104,-0.4801889368046511,-0.014141627843465399,0.0,0.5919297872365571,0.0,0.61,-1.2391366176471974,188,nested_validation
2023-01-10,-0.014141627843465399,-0.011071424494681459,-0.011708652968740019,0.011100468092103855,0.009555481372848599,55.35368833822895,0.024573514407187975,-0.561121478842812,0.025570654951498684,1.0,0.5024081858045935,0.0,0.61,-1.2391366176471974,188,nested_validation
2023-01-11,0.025570654951498684,0.0027442249030338317,0.011161140423888272,0.03441857505555501,0.0103364506909373,63.90852432513079,0.013452256597266893,0.3017213140456644,-0.0018572651079450386,0.0,0.43543732264452395,0.0,0.61,-1.2391366176471974,188,nested_validation
2023-01-12,-0.0018572651079450386,-0.002733222058018514,0.007679237591534438,0.03017104632987966,0.009991234554134445,62.94104352080421,0.01350977440198101,0.5494957722046806,0.006108458721903132,1.0,0.486555241449689,0.0,0.61,-1.2391366176471974,188,nested_validation
2023-01-13,0.006108458721903132,0.007336089103815446,0.011510948768804319,0.034711273572478385,0.009860429856863747,64.82369060881132,0.013565299761807275,-0.719355882752281,0.015190090812414958,1.0,0.49197267759069696,0.0,0.61,-1.2391366176471974,188,nested_validation
2023-01-16,0.015190090812414958,0.030777511518969902,0.022864820991093326,0.04800034738358239,0.009895579068870201,69.05885542714223,0.01825838045903032,0.09091616610836838,0.007654533072915637,1.0,0.5514602575330086,0.0,0.61,-1.2391366176471974,188,nested_validation
2023-01-17,0.007654533072915637,0.05356678140254201,0.026439622658541495,0.05372341667079694,0.009813137823856042,70.98352043761336,0.013391349742911738,-1.2400582624282643,-0.012619505749701276,0.0,0.5880339362643541,0.0,0.61,-1.2391366176471974,188,nested_validation
2023-01-18,-0.012619505749701276,0.01433410201868024,0.011760747026685614,0.03874401261587046,0.010225207320482368,63.875140494982176,0.010669035051507458,0.24029718732698674,0.018674222765423965,1.0,0.47252630072761787,0.0,0.61,-1.2391366176471974,188,nested_validation
2023-01-19,0.018674222765423965,0.035198641314649226,0.02733471395458653,0.055203177327936004,0.010619175933274135,68.79259324943203,0.0120395480185153,-0.2556553319692256,0.004244779665485199,1.0,0.5457700872368337,0.0,0.61,-1.2391366176471974,188,nested_validation
2023-01-20,0.004244779665485199,0.03328107665218627,0.027533857709094667,0.05618385787336733,0.010248779353243259,69.81712917420468,0.017574558017569086,-0.2515311957268812,0.002894287590787581,1.0,0.5369662332324893,0.0,0.61,-1.2391366176471974,188,nested_validation
2023-01-23,0.002894287590787581,0.02076615860272102,0.02526791384850191,0.05565418745621287,0.00948792469202845,70.53056051202937,0.026618748833684265,-1.5585757164608474,-0.009646131307650574,0.0,0.5375366897175602,0.0,0.61,-1.2391366176471974,188,nested_validation
2023-01-24,-0.009646131307650574,0.003240377552374163,0.009850328456724178,0.04295698852180041,0.009863157808599296,65.0001505364151,0.028871998687488975,1.421053156182141,0.0023722932676382147,1.0,0.5157173071171787,0.0,0.61,-1.2391366176471974,188,nested_validation
2023-01-25,0.0023722932676382147,0.018472983618554206,0.008976383756242878,0.04236537277650809,0.009856054618081965,65.70548475417215,0.023536878226496916,0.12042663099261114,-0.008514289481914794,0.0,0.5713319835902605,0.0,0.61,-1.2391366176471974,188,nested_validation
2023-01-26,-0.008514289481914794,-0.008710157536744312,-0.0021611906603283826,0.030452689280340284,0.01012955777478686,60.94693698303335,0.014586048134792544,-0.6964190468631899,0.005812626858037184,1.0,0.4939800791441839,0.0,0.61,-1.2391366176471974,188,nested_validation
2023-01-27,0.005812626858037184,-0.007162535853285079,0.0011041706751095948,0.03355255606158036,0.01013391721106653,62.90524281662575,0.019144612414914792,-0.8614061709759399,0.007321306220429813,1.0,0.5015704712262805,0.0,0.61,-1.2391366176471974,188,nested_validation
2023-01-30,0.007321306220429813,-0.0027799104815293685,0.0066456286028788725,0.038442492662164485,0.010154536389988885,65.28053138979257,0.015484729986832115,0.3507276222580299,-0.012692721291158615,0.0,0.44932575699892485,0.0,0.61,-1.2391366176471974,188,nested_validation
2023-01-31,-0.012692721291158615,-0.005847622773188843,-0.005871283891647261,0.022954612486322912,0.010680765357689958,58.26399211871874,0.018607189463449858,-0.6551858931549104,-0.00023954765101619202,0.0,0.4639250936467371,0.0,0.61,-1.2391366176471974,188,nested_validation
2023-02-01,-0.00023954765101619202,-0.00843804538927495,-0.0070748121174224465,0.02022087976458642,0.010464629461492014,58.13859775185957,0.012449886145342644,-0.6053325362147244,-0.005852495336367558,0.0,0.4453987129776615,0.0,0.61,-1.2391366176471974,188,nested_validation
2023-02-02,-0.005852495336367558,-0.005776046554868186,-0.011456607088127235,0.012360897607861965,0.010567030543673285,55.02360781359625,0.021661824470107036,-1.713861795771728,0.001616236135812299,1.0,0.514266894571745,0.0,0.61,-1.2391366176471974,188,nested_validation
2023-02-03,0.001616236135812299,-0.009924087713472196,-0.008158929048311836,0.012566140965424966,0.010508227587377504,55.724982493186886,0.018287913776938516,2.6376054349385463,-0.005491124537409076,0.0,0.5014003416218844,0.0,0.61,-1.2391366176471974,188,nested_validation
2023-02-06,-0.005491124537409076,-0.02251716898043321,-0.011079991407982881,0.0053226457454933485,0.010416780340623554,52.71251922146863,0.01449198406061598,-0.3413361091724357,0.012989981762161262,1.0,0.4244180017314702,0.0,0.61,-1.2391366176471974,188,nested_validation
2023-02-07,0.012989981762161262,0.002909971921054355,0.0020635397407164913,0.01651580932595742,0.01007594562905347,58.409059305835505,0.02848814090537083,2.2133017498063112,-0.000966758853323757,0.0,0.5784076878375521,0.0,0.61,-1.2391366176471974,188,nested_validation
2023-02-08,-0.000966758853323757,0.0021804698040488457,0.0017281310918231263,0.013860840135349717,0.008615189652496294,57.84331833724858,0.01265933378291511,-0.2891090065447595,-0.008431353762292315,0.0,0.489181360748393,0.0,0.61,-1.2391366176471974,188,nested_validation
2023-02-09,-0.008431353762292315,-0.0004192264550347824,-0.006102612376526428,0.004138089207359696,0.008853407769539606,53.024324829799795,0.009725904914139587,-0.04148362571565052,0.010425921789636083,1.0,0.46654604359752877,0.0,0.61,-1.2391366176471974,188,nested_validation
2023-02-10,0.010425921789636083,0.008372556348437143,0.004424838825790367,0.01303954901994775,0.009025776324406862,57.67991065944518,0.021374466621570887,-0.33892081364467486,-0.00936783950478215,0.0,0.5543137985400016,0.0,0.61,-1.2391366176471974,188,nested_validation
2023-02-13,-0.00936783950478215,0.004441799088914511,-0.0031482933622547504,0.0022876708998749162,0.008708954649512345,52.58456411535414,0.011890098761860753,-0.05865437043656202,0.008736893591732242,1.0,0.5426822775580099,0.0,0.61,-1.2391366176471974,188,nested_validation
2023-02-14,0.008736893591732242,0.00022460088310594095,0.005245164644753553,0.009659735628163801,0.008759511169374524,56.415427376769024,0.016721917933274755,-1.3216049346328738,0.015391191661492831,1.0,0.49005513807078205,0.0,0.61,-1.2391366176471974,188,nested_validation
2023-02-15,0.015391191661492831,0.016602058460161384,0.018796268210610867,0.023645380957493467,0.008858440241486291,62.25189226838434,0.020856337453175357,1.6750507921470412,-0.007671629232014143,0.0,0.5649969492035216,0.0,0.61,-1.2391366176471974,188,nested_validation
2023-02-16,-0.007671629232014143,0.01738096320293847,0.009279315551573797,0.014639665815002312,0.00813017646776927,58.01733241198852,0.012217714097836141,0.7468127440758128,0.009982026504215868,1.0,0.5803953640512265,0.0,0.61,-1.2391366176471974,188,nested_validation
2023-02-17,0.009982026504215868,0.016934012463351245,0.016781804646928133,0.023129348117774118,0.00836746777552716,61.64516351021463,0.00887322813646506,-0.1687754139660875,0.0038637396879268593,1.0,0.4855983813908226,0.0,0.61,-1.2391366176471974,188,nested_validation
2023-02-20,0.0038637396879268593,0.030516897671662768,0.017190238288024462,0.025045342271280857,0.008384373934558651,62.99153698478415,0.009820709444213649,-0.8173469440684824,0.024226426429214687,1.0,0.45815504332745455,0.0,0.61,-1.2391366176471974,188,nested_validation
2023-02-21,0.024226426429214687,0.04634087062979497,0.03702497592584386,0.04646045924336639,0.009512653226825124,70.10505081154629,0.01952310781818263,0.49254922747682295,0.00013267733958066685,1.0,0.5330602008897498,0.0,0.61,-1.2391366176471974,188,nested_validation
2023-02-22,0.00013267733958066685,0.03061726844453072,0.03228539282160248,0.04403973092262836,0.009522854690618874,70.13972170550149,0.01644093522155131,1.403597753179496,-0.0014655568923285234,0.0,0.5473247729104734,0.0,0.61,-1.2391366176471974,188,nested_validation
2023-02-23,-0.0014655568923285234,0.03706280150688368,0.025254762605955827,0.03995685317481179,0.00925141804219919,69.18510711914784,0.006614897929464345,0.10250238379426468,0.004149716894276567,1.0,0.4744827565094065,0.0,0.61,-1.2391366176471974,188,nested_validation
2023-02-24,0.004149716894276567,0.03107410944641753,0.024626554584199045,0.04177655095244215,0.009227960643508587,70.41128547354262,0.016242549714471925,1.2995455620567515,0.02181918939912575,1.0,0.5548897986175302,0.0,0.61,-1.2391366176471974,188,nested_validation
2023-02-27,0.02181918939912575,0.04951625312464181,0.03878308215837367,0.061686875336829594,0.010117876056213209,75.8706480441132,0.014720672128274076,-1.2113637818848464,-0.021936584973326623,0.0,0.548889934924698,0.0,0.61,-1.2391366176471974,188,nested_validation
2023-02-28,-0.021936584973326623,0.002213401421182315,0.011228656029458106,0.03671497084229025,0.010999534712760902,63.00873067490534,0.019352690282462486,1.2635301832818358,-0.0028380708504297525,0.0,0.5293136010859874,0.0,0.61,-1.2391366176471974,188,nested_validation
2023-03-01,-0.0028380708504297525,-0.000763527256116725,0.005422039527644085,0.03177364299341923,0.011047497787645091,61.58600917074094,0.01308546697193359,-0.4220627964572197,-0.015078490184116777,0.0,0.47440810874706935,0.0,0.61,-1.2391366176471974,188,nested_validation
2023-03-02,-0.015078490184116777,-0.014386031256930165,-0.011858057925349996,0.01539457770839392,0.011565667145644207,54.55756583990478,0.027235768172781116,-0.9157826190028209,0.00832663867817951,1.0,0.49091364229107975,0.0,0.61,-1.2391366176471974,188,nested_validation
2023-03-03,0.00832663867817951,-0.010286211890058294,-0.005617420991549715,0.02287771272871786,0.011646593129825258,57.404878222808854,0.021563267775372087,-0.8009760209528258,0.0012461396322984708,1.0,0.4685198278327443,0.0,0.61,-1.2391366176471974,188,nested_validation
2023-03-06,0.0012461396322984708,-0.030212859607130826,-0.006109560079892384,0.023235944857586288,0.011511874603591057,57.834233145472574,0.0178500398635602,-0.9246793979188738,6.52457568064424e-05,1.0,0.4169926558504168,0.0,0.61,-1.2391366176471974,188,nested_validation
2023-03-07,6.52457568064424e-05,-0.008397206164453275,-0.005427742456581619,0.022058444927532728,0.011275125154951564,57.858214881214565,0.02574553019694189,-1.0633401692469984,-3.7878510162125956e-05,0.0,0.4792071890211979,0.0,0.61,-1.2391366176471974,188,nested_validation
2023-03-08,-3.7878510162125956e-05,-0.0056126247773014,-0.004830728308963028,0.020859319416334232,0.011264591598425813,57.83764722226407,0.0184503398432706,-0.7923979690454582,-0.0100249104375576,0.0,0.44980336076639843,0.0,0.61,-1.2391366176471974,188,nested_validation
2023-03-09,-0.0100249104375576,-0.0005104761801011382,-0.01333803175796966,0.00954070777654592,0.011343993982432594,52.516876276401206,0.02425731945516048,-0.3412219985917432,0.00963767061534937,1.0,0.4275989851781216,0.0,0.61,-1.2391366176471974,188,nested_validation
2023-03-10,0.00963767061534937,0.0007890656908866589,-0.0028756842062325205,0.018040391827093716,0.011315976381731485,56.60827141604444,0.017714544099129103,0.4114616248647795,0.0034414511424705196,1.0,0.44914396891259434,0.0,0.61,-1.2391366176471974,188,nested_validation
2023-03-13,0.0034414511424705196,0.0029833750302188378,0.0033756125718584773,0.020437919890331058,0.011015336764451883,58.01291965120866,0.017899210483576226,-0.6604796066620804,-0.008857610340075706,0.0,0.45390617980773423,0.0,0.61,-1.2391366176471974,188,nested_validation
2023-03-14,-0.008857610340075706,-0.005965517415480792,-0.004073738223915546,0.010187668902131186,0.011191134666686196,53.22114360376667,0.018247768706153973,1.416277260264984,-0.005201721338487619,0.0,0.4702457889750907,0.0,0.61,-1.2391366176471974,188,nested_validation
2023-03-15,-0.005201721338487619,-0.01109874968867397,-0.007589571807048223,0.0038983607387743646,0.010827225664896188,50.601246410461215,0.027265852845292517,-0.1555729509864728,-0.0051071411747871664,0.0,0.47307601096844965,0.0,0.61,-1.2391366176471974,188,nested_validation
2023-03-16,-0.0051071411747871664,-0.006186314796149728,-0.012000592388803688,-0.0022747366324961105,0.010742306563130704,48.11016793685101,0.02310475064779386,-0.49559893961580176,-0.005773335516986999,0.0,0.44116213037173807,0.0,0.61,-1.2391366176471974,188,nested_validation
2023-03-17,-0.005773335516986999,-0.021355785233739377,-0.015672591611726072,-0.008831113145250646,0.010618311789461914,45.40296777703417,0.020402766095669548,-0.03148068909246573,0.01812795663808142,1.0,0.5692520450421908,0.0,0.61,-1.2391366176471974,188,nested_validation
2023-03-20,0.01812795663808142,-0.007032215460885838,0.002581842714259208,0.007546275682355441,0.011308522625956698,54.088511547369244,0.00943288400691167,0.3295359215769731,-0.0027067995568016423,0.0,0.4892194571166156,0.0,0.61,-1.2391366176471974,188,nested_validation
2023-03-21,-0.0027067995568016423,-0.0008700766801174042,0.0005560841637939351,0.003745668032253624,0.009954374652790393,52.715541883214804,0.022989123270280187,-0.5255843049628123,-0.0014835104186226022,0.0,0.5128475729952463,0.0,0.61,-1.2391366176471974,188,nested_validation
2023-03-22,-0.0014835104186226022,0.0028643244250496913,-9.559296884276147e-05,0.0012054236190253143,0.009954625829270508,51.93948140737693,0.014763640010883506,1.4962076257896937,0.003219790445914361,1.0,0.5471719476178072,0.0,0.61,-1.2391366176471974,188,nested_validation
2023-03-23,0.003219790445914361,0.01125797463597733,0.0026233132733770592,0.002996007315786642,0.009988570667482667,53.535916255401084,0.028155841665187694,-1.0124049208880936,-0.0001726239547685804,0.0,0.5453776652950421,0.0,0.61,-1.2391366176471974,188,nested_validation
2023-03-24,-0.0001726239547685804,0.016954627555535007,0.0029314189959837034,0.0017336804037917375,0.009933305072806604,53.43310813654094,0.02749208607797533,0.7952323868115582,0.00839375660721009,1.0,0.5765998267294096,0.0,0.61,-1.2391366176471974,188,nested_validation
2023-03-27,0.00839375660721009,0.007231645584159008,0.011334586969126814,0.008458846235338324,0.008777456164016189,57.68730762017271,0.01916836044113828,-0.5514181790946013,-0.026553026467263652,0.0,0.5015728487608847,0.0,0.61,-1.2391366176471974,188,nested_validation
2023-03-28,-0.026553026467263652,-0.016852218981772027,-0.013769135305260138,-0.018804009796706378,0.009357630580592226,43.90729128382466,0.006446118583880241,-1.505404651387962,-0.018606939542141876,0.0,0.4936806602947845,0.0,0.61,-1.2391366176471974,188,nested_validation
2023-03-29,-0.018606939542141876,-0.033712092125448234,-0.029119192253163173,-0.03647323839762873,0.010068660663919213,37.35265189297651,0.026411774517976435,-1.1217008219842488,0.012504355005175105,1.0,0.48344339939077285,0.0,0.61,-1.2391366176471974,188,nested_validation
2023-03-30,0.012504355005175105,-0.02476932350292471,-0.015625871397464408,-0.02446616105960886,0.010120662447361558,43.358332137286624,0.022393407838400128,-0.3438371122440424,0.016921352771106957,1.0,0.5337331319829521,0.0,0.61,-1.2391366176471974,188,nested_validation
2023-03-31,0.016921352771106957,-0.00809587477986573,0.0001654274916267351,-0.008224910129786989,0.010673976257890636,50.37761176691604,0.016806148059339037,-0.969200832461364,0.003927420039303131,1.0,0.4392054601571436,0.0,0.61,-1.2391366176471974,188,nested_validation
2023-04-03,0.003927420039303131,-0.012489176143842706,0.004635860974969486,-0.0045999222041465115,0.010712442422318065,51.8929499257547,0.013833873273765404,0.9902902479937047,-0.010200561360074967,0.0,0.5125200882861901,0.0,0.61,-1.2391366176471974,188,nested_validation
2023-04-04,-0.010200561360074967,0.0040995407859305555,-0.004326035293472641,-0.01390116740600178,0.010921079500298166,47.79455295666883,0.02308349880200857,1.5671652114337005,-0.007670841345271628,0.0,0.5162500573335732,0.0,0.61,-1.2391366176471974,188,nested_validation
2023-04-05,-0.007670841345271628,0.015288667365187303,-0.010075561017696466,-0.020366446984251385,0.011016274119208247,44.94893937489791,0.01884064609372541,1.517414373616734,-0.012398345155825052,0.0,0.5625246504417805,0.0,0.61,-1.2391366176471974,188,nested_validation
2023-04-06,-0.012398345155825052,-0.009682513386057523,-0.018951394574638458,-0.03107983729907493,0.011121801743944337,40.75747350283793,0.0167898953267973,0.007804675427123782,0.006649014536669551,1.0,0.44943317544062455,0.0,0.61,-1.2391366176471974,188,nested_validation
2023-04-07,0.006649014536669551,-0.019686115094542878,-0.009650036537398043,-0.023264177579688794,0.010991433852525878,43.74928734537891,0.024584143139479906,-1.2766515961883917,-0.012386680202415623,0.0,0.4092923113147004,0.0,0.61,-1.2391366176471974,188,nested_validation
2023-04-10,-0.012386680202415623,-0.035616488812266756,-0.017105995961093634,-0.03289427472117823,0.0111699564947815,39.700225855615834,0.027308386576842134,0.5444452577454404,-0.011310543827677266,0.0,0.5257960627737661,0.0,0.61,-1.2391366176471974,188,nested_validation
2023-04-11,-0.011310543827677266,-0.036697969309905765,-0.025015156125360094,-0.041762760175638736,0.011253683765417605,36.42609392044549,0.022863312172772234,-0.9078037641400692,-0.007726254383499942,0.0,0.445332313786589,0.0,0.61,-1.2391366176471974,188,nested_validation
2023-04-12,-0.007726254383499942,-0.03675176143299974,-0.0304356514635179,-0.046960162179185305,0.011297448946886472,34.36476776554123,0.023666210619552066,-0.6125682594294334,0.00841726935833953,1.0,0.4861447726762998,0.0,0.61,-1.2391366176471974,188,nested_validation
2023-04-13,0.00841726935833953,-0.016449442256932345,-0.01971884727926365,-0.037456947994166656,0.011530553739373759,38.42154626824587,0.017816614392042338,-0.2293282582150549,0.018495390135301326,1.0,0.4398636299394114,0.0,0.61,-1.2391366176471974,188,nested_validation
2023-04-14,0.018495390135301326,-0.004874892280711585,0.000918009605717085,-0.01844918547832708,0.012313823178835686,46.33637474133086,0.025109856980806287,0.11917838785136653,-0.00035447654869524836,0.0,0.43744144698464565,0.0,0.61,-1.2391366176471974,188,nested_validation
2023-04-17,-0.00035447654869524836,0.0072488283263201225,0.003522195468501632,-0.01753640917746846,0.011532817433808093,46.21151262963426,0.0195502642186074,2.668674986013954,-0.017184646604953557,0.0,0.4358288453606934,0.0,0.61,-1.2391366176471974,188,nested_validation
2023-04-18,-0.017184646604953557,0.001264458711632388,-0.01013171257399903,-0.03263019846323445,0.012020366886690562,40.51385903578408,0.025575735982545873,-0.9592434618592236,0.01332618423490195,1.0,0.3637740425216519,-1.0,0.61,-1.2391366176471974,188,nested_validation
2023-04-19,0.01332618423490195,0.022507647550330967,0.004601391676841704,-0.01834265199162477,0.012499160472944205,45.98047358447455,0.00788920758969767,2.092275028855871,0.0024618081704088635,1.0,0.5090074470940908,0.0,0.61,-1.2391366176471974,188,nested_validation
2023-04-20,0.0024618081704088635,0.016468972098825363,0.007100029134070152,-0.014939516353449589,0.012485522780098441,46.9630437942106,0.0280854088539813,-0.4063137853376616,0.009998847367093555,1.0,0.44356200070897156,0.0,0.61,-1.2391366176471974,188,nested_validation
2023-04-21,0.009998847367093555,0.007989334215686261,0.016852741822989126,-0.004093891388849302,0.01274084389956503,50.88059070030186,0.02189421002963219,1.863532411292603,-0.00621040579549148,0.0,0.4742497899687405,0.0,0.61,-1.2391366176471974,188,nested_validation
2023-04-24,-0.00621040579549148,0.0020845268772680114,0.009592747360910092,-0.008965643750987407,0.012589695749711251,48.462264304961415,0.0138397867667116,1.495156561816511,0.014719890283871884,1.0,0.519249792818304,0.0,0.61,-1.2391366176471974,188,nested_validation
2023-04-25,0.014719890283871884,0.03461458722180355,0.020827342108542535,0.006161821575476623,0.01173217129162269,54.007425950002585,0.012579284160140848,0.5232350408726794,-0.005316894220488644,0.0,0.5235919802613719,0.0,0.61,-1.2391366176471974,188,nested_validation
2023-04-26,-0.005316894220488644,0.015579846759401272,0.011597582795247918,0.001350495302153254,0.011003671153933676,51.8072193475096,0.026974470055689127,-0.08375656293806892,0.00538402670975846,1.0,0.5217737965532805,0.0,0.61,-1.2391366176471974,188,nested_validation
2023-04-27,0.00538402670975846,0.018540304935665164,0.013527980015726193,0.0069280424560116405,0.010732132314583072,53.84675291009126,0.01166220018424354,-1.150773034847198,-0.009654105924800538,0.0,0.5108436441975258,0.0,0.61,-1.2391366176471974,188,nested_validation
2023-04-28,-0.009654105924800538,-0.0012788513841605065,0.003073161997543483,-0.0024795373338165616,0.010248139415440614,49.75850074149111,0.01788808283732438,0.9714873826120617,-0.0013570889865514024,0.0,0.48778775889733605,0.0,0.61,-1.2391366176471974,188,nested_validation
2023-05-01,-0.0013570889865514024,0.003598549391907291,0.0011444473071418049,-0.0028681609560010646,0.010189471055729355,49.1984881794933,0.022566263833905427,-1.1693590690204783,-0.0006048526007914612,0.0,0.4632621013161427,0.0,0.61,-1.2391366176471974,188,nested_validation
2023-05-02,-0.0006048526007914612,-0.011558234146207158,-0.0016740142509366063,-0.0025772610103259597,0.009974048879060678,48.93450163836888,0.008903476999292165,-0.8178791853239878,-0.002576610914278743,0.0,0.49950420307564086,0.0,0.61,-1.2391366176471974,188,nested_validation
2023-05-03,-0.002576610914278743,-0.008835145300733038,-0.00489669281445726,-0.004219020260704309,0.00985549039243763,47.75957251619534,0.01848592343454232,-0.7603599487003895,-0.00033971261909970796,0.0,0.4445499316165049,0.0,0.61,-1.2391366176471974,188,nested_validation
2023-05-04,-0.00033971261909970796,-0.014477933637832896,-0.00560861533686563,-0.003506829285210844,0.009462924034250024,47.5977236167515,0.018571582710846864,0.2840123218715029,-0.012434049402359149,0.0,0.4286411334002524,0.0,0.61,-1.2391366176471974,188,nested_validation
2023-05-05,-0.012434049402359149,-0.01724433642373213,-0.016151716377065695,-0.014456036503395997,0.009725175444390147,41.99060796083658,0.006251279228982719,0.5614084900016494,0.012930809007743571,1.0,0.6061493143762677,0.0,0.61,-1.2391366176471974,188,nested_validation
2023-05-08,0.012930809007743571,-0.003183742271770873,-0.003469803190860432,-0.00038490282704317647,0.009773447291059695,48.677509848786634,0.010977457639868514,0.27639834016705606,0.010272549238361073,1.0,0.46387452251009476,0.0,0.61,-1.2391366176471974,188,nested_validation
2023-05-09,0.010272549238361073,0.00766559097076791,0.007172409319508688,0.009951540554126392,0.00959607560463509,53.338735615996654,0.03870296200788598,0.14487897090883348,0.0016692448742732235,1.0,0.488202231639353,0.0,0.61,-1.2391366176471974,188,nested_validation
2023-05-10,0.0016692448742732235,0.011955046009785697,0.008547852676275003,0.011013940247294851,0.009354337602063282,54.076123528703995,0.036381660553302414,1.2491994694665005,-0.003418657862729768,0.0,0.5265482126052244,0.0,0.61,-1.2391366176471974,188,nested_validation
2023-05-11,-0.003418657862729768,0.008838233013400254,0.005686358617798204,0.007469598712267267,0.009309117946126546,52.25186689564672,0.02455738851006273,-1.6473627830899278,-0.0013489174670390236,0.0,0.5508639347795096,0.0,0.61,-1.2391366176471974,188,nested_validation
2023-05-12,-0.0013489174670390236,0.020162139945976376,0.004071259351225098,0.006638797980334399,0.008462843063789542,51.515915756746274,0.021421018797478517,-0.6134555342820969,-0.00870163613991215,0.0,0.43650321676709225,0.0,0.61,-1.2391366176471974,188,nested_validation
2023-05-15,-0.00870163613991215,-0.001624739609710768,-0.004187417750328493,-0.0011709101438460712,0.008697182142723255,46.93013800897006,0.01835877815140604,-0.7690103272450656,-0.009472735989714098,0.0,0.43596028283233185,0.0,0.61,-1.2391366176471974,188,nested_validation
2023-05-16,-0.009472735989714098,-0.02113749811821597,-0.012273809252656087,-0.009723704405098954,0.008071618295819016,42.53032823941354,0.01739630842888317,-0.40119601888980316,-0.0003995119254366353,0.0,0.4973368720767824,0.0,0.61,-1.2391366176471974,188,nested_validation
2023-05-17,-0.0003995119254366353,-0.023159151939685874,-0.011534926625140551,-0.009454130666883942,0.007513241749092323,42.351696629318475,0.02631429670174542,-1.3775382890031513,-0.0029507368547752044,0.0,0.4805784391473197,0.0,0.61,-1.2391366176471974,188,nested_validation
2023-05-18,-0.0029507368547752044,-0.02270049961005738,-0.013064256406368546,-0.012029475505734077,0.007509251488557339,40.98309757766218,0.01832089260686984,0.009429999968533873,-0.006658945758070578,0.0,0.45162804619961455,0.0,0.61,-1.2391366176471974,188,nested_validation
2023-05-19,-0.006658945758070578,-0.027896997252376043,-0.018831409268439847,-0.017829994977426655,0.007217774777510811,38.007011803927966,0.017943656833473282,1.3088730368850383,-0.012109425336735202,0.0,0.4651216678030565,0.0,0.61,-1.2391366176471974,188,nested_validation
2023-05-22,-0.012109425336735202,-0.03123879850186362,-0.027514874317932536,-0.028971758799734793,0.007525426393793494,33.30246143404274,0.00916829575877242,-1.0218094487895422,0.00026802576874906947,1.0,0.42372904527950733,0.0,0.61,-1.2391366176471974,188,nested_validation
2023-05-23,0.00026802576874906947,-0.02171208237046618,-0.023047398170832567,-0.028331336817706387,0.006552929969641589,33.49630291898151,0.02408743046562521,-0.546277046989299,-0.00028636050925900935,0.0,0.40598184048461133,0.0,0.61,-1.2391366176471974,188,nested_validation
2023-05-24,-0.00028636050925900935,-0.021601343465643907,-0.018889632415995727,-0.028466375821381562,0.006530381758116422,33.38463685113534,0.015889611235442393,-1.0693343973415164,0.02027340536182476,1.0,0.35054537336698954,-1.0,0.61,-1.2391366176471974,188,nested_validation
2023-05-25,0.02027340536182476,0.0011883725331478523,0.003211420285058164,-0.009003249715844652,0.008018968220861187,46.881777177503665,0.010906591583792454,1.2773185342927622,-0.009545999800963378,0.0,0.5749287045153152,0.0,0.61,-1.2391366176471974,188,nested_validation
2023-05-26,-0.009545999800963378,-0.001721489015688471,-0.0033476154583804707,-0.01778880538030736,0.008013400000147056,42.433682221829606,0.0283761754259753,-0.8346340661743386,0.018733357114882665,1.0,0.5198715509867373,0.0,0.61,-1.2391366176471974,188,nested_validation
2023-05-29,0.018733357114882665,0.029445613627141265,0.015603549026828922,0.0006733499069624393,0.009129709743907845,51.972107798364775,0.006464321526077307,1.1450353069412929,-0.016955184950836366,0.0,0.5843450015954257,0.0,0.61,-1.2391366176471974,188,nested_validation
2023-05-30,-0.016955184950836366,0.011720005818947499,-0.0005832108863503827,-0.016240832289261764,0.009822987869133153,44.62932484372284,0.022924556258338488,-0.8274767390520242,-0.008040588613816513,0.0,0.5135662781469326,0.0,0.61,-1.2391366176471974,188,nested_validation
2023-05-31,-0.008040588613816513,0.0038726509433446576,-0.006833489135664617,-0.023413847961881062,0.009934148518956692,41.67340496489283,0.010198615525783005,-0.011587662945773665,0.013743023816361166,1.0,0.49898632726809,0.0,0.61,-1.2391366176471974,188,nested_validation
2023-06-01,0.013743023816361166,-0.0025527556185278577,0.006954442796857974,-0.009606496609615989,0.010470774292675135,47.9660363586924,0.0162295579582859,2.2680273964060595,-0.001680170973324957,0.0,0.47176089384112935,0.0,0.61,-1.2391366176471974,188,nested_validation
2023-06-02,-0.001680170973324957,0.005368611034873183,0.004896426117977359,-0.01049924869052532,0.010125951162050012,47.28515070068497,0.012496057079847401,-1.051811670290677,0.002190294527581793,1.0,0.5168906294119276,0.0,0.61,-1.2391366176471974,188,nested_validation
2023-06-05,0.002190294527581793,-0.010957423387676912,0.005291130982285175,-0.007837712630154425,0.009691673030531313,48.313454132564665,0.01991558822450312,0.7295648814470029,-0.000572107488118867,0.0,0.43468624472010403,0.0,0.61,-1.2391366176471974,188,nested_validation
2023-06-06,-0.000572107488118867,0.005525610649540491,0.0030012581386591464,-0.00740135740197434,0.009359100793229633,48.04922258320986,0.013865688619192724,-1.2248511140396254,-0.000712761450334054,0.0,0.4839750133477653,0.0,0.61,-1.2391366176471974,188,nested_validation
2023-06-07,-0.000712761450334054,0.012953654376650636,0.0006218903128125675,-0.007260278804590903,0.00933615416985958,47.69941249259139,0.02236802067038811,0.6098275175510889,-0.023124228014759995,0.0,0.5155526833246786,0.0,0.61,-1.2391366176471974,188,nested_validation
2023-06-08,-0.023124228014759995,-0.02388489009842687,-0.019921348200742317,-0.02846446997010499,0.010470017716190818,38.03230265821962,0.01696930953792763,-1.205828222551576,-0.005970394579276284,0.0,0.3140735743964703,-1.0,0.61,-1.2391366176471974,188,nested_validation
2023-06-09,-0.005970394579276284,-0.028079690166365467,-0.023547105007695968,-0.032649440693808596,0.010495952313256663,36.0479276926674,0.021572379251391202,-0.5234580414094308,-0.010898594741004297,0.0,0.3956867471402872,0.0,0.61,-1.2391366176471974,188,nested_validation
2023-06-12,-0.010898594741004297,-0.040773244856294744,-0.029120302763735673,-0.04129569938891986,0.010570481731397801,32.7126059583223,0.02062527360147272,0.4670662423289207,-0.0007067472725944546,0.0,0.43619583690940533,0.0,0.61,-1.2391366176471974,188,nested_validation
