timestamp,gross_return,trading_cost,net_return,turnover,gross_exposure,equity,benchmark_return,benchmark_equity,drawdown
2021-01-29,0.004699378012470622,0.00049,0.004209378012470622,0.7,0.7,100420.93780124706,-0.007278545861475434,99272.14541385246,0.0
2021-02-01,-0.004755997372320641,0.00098,-0.005735997372320641,1.4,0.7,99844.92356589313,-0.002634442293687663,99010.61867538908,-0.005735997372320667
2021-02-02,0.0031523923085449157,0.0007349999999999999,0.0024173923085449157,1.0499999999999998,0.35,100086.28791616856,-0.0012184024097625645,98889.98389900291,-0.0033324712197055906
2021-02-03,0.0006485151146306108,0.000782140155963197,-0.00013362504133258618,1.1173430799474242,0.7673430799474243,100072.91388180893,-0.003091142108632113,98584.30090565074,-0.0034656509594337415
2021-02-04,0.0008236964401897917,0.00029214015596319703,0.0005315562842265946,0.41734307994742437,0.35,100126.10826806365,0.011199176132387079,99688.36385538138,-0.0029359368637538186
2021-02-05,-0.0008646307896007954,0.0,-0.0008646307896007954,0.0,0.35,100039.53615201218,-0.008267877920597503,98864.15263292099,-0.0037980291519458254
2021-02-08,0.00013090745640448667,0.00015529764989089326,-2.4390193486406586e-05,0.22185378555841895,0.5718537855584189,100037.09616836913,-0.007929125132045911,98080.24639562087,-0.0038223267107665437
2021-02-09,0.00506131161188669,7.32259482378923e-06,0.0050539890170629015,0.010460849748270329,0.5823146353066893,100542.68255370294,0.0013450279151341338,98212.16706494622,0.0
2021-02-10,-0.0009983552560873798,0.0005723797552853175,-0.0015707350113726972,0.8176853646933107,0.7,100384.75664207849,-0.0004502794379830736,98167.94414555712,-0.0015707350113728369
2021-02-11,0.0019032986417078705,0.0006827661587690275,0.001220532482938843,0.9753802268128964,0.8657312843646991,100507.27949835206,-0.002527626166375178,97919.81228123556,-0.00035211966153747554
2021-02-12,-0.0002620373448056545,0.0006827661587690275,-0.000944803503574682,0.9753802268128964,0.7,100412.31986854725,0.0044878024888290735,98359.25705849695,-0.0012965904812223261
2021-02-15,-0.0007144940577605618,0.00049,-0.001204494057760562,0.7,0.7,100291.37382593962,0.0012222026834033766,98479.47200641142,-0.0024995228034530026
2021-02-16,0.00864817187957302,0.00038044661168932663,0.008267725267883693,0.5434951595561809,0.856504840443819,101120.55535147114,-0.002738859731806135,98209.75054612353,0.0
2021-02-17,-0.0013926151485415426,0.0005552393592945308,-0.0019478545078360733,0.7931990847064725,0.35,100923.58722189488,0.004188850655726828,98621.13652409743,-0.0019478545078361886
2021-02-18,-0.0009499310949383053,0.000245,-0.0011949310949383053,0.35,0.7,100802.99048931072,-3.281795628821508e-05,98617.8999799499,-0.003140458050854611
2021-02-19,-0.004096596856427819,0.00049,-0.004586596856427819,0.7,0.7,100340.64781001392,0.0064430745286429,99253.30245937896,-0.007712650892258699
2021-02-22,-0.00024632305499825433,0.0004659934308831891,-0.0007123164858814434,0.6657049012616987,0.6657049012616987,100269.17351237484,0.0008707051254386681,99339.72281854704,-0.00841947352975958
2021-02-23,-0.0028291034322842634,0.0007109934308831891,-0.0035400968631674524,1.0157049012616988,0.35,99914.21092575128,0.000986934270031233,99437.76459537208,-0.011929764641094853
2021-02-24,0.0,0.000245,-0.000245,0.35,0.0,99889.73194407446,0.001385436283701691,99575.5292824127,-0.012171841848757858
2021-02-25,0.0,0.0,0.0,0.0,0.0,99889.73194407446,0.0017655657726809808,99751.3364287103,-0.012171841848757858
2021-02-26,0.0006898972596515451,0.000245,0.00044489725965154514,0.35,0.35,99934.17261208371,-0.007941768366677074,98959.13442052701,-0.011732359808189763
2021-03-01,-0.0008336996882410629,0.00049,-0.001323699688241063,0.7,0.35,99801.88977895246,0.002389653516291279,99195.61246406418,-0.013040529375410448
2021-03-02,-0.0006339135587724893,0.0005687124280274434,-0.0012026259867999327,0.8124463257534906,0.9375536742465091,99681.86543277255,-0.0020129981785836915,98995.93187685052,-0.014227472482701842
2021-03-03,-0.0006651051000523877,0.0005687124280274434,-0.001233817528079831,0.8124463257534906,0.35,99558.8761999699,-0.00875018582708409,98129.69907680272,-0.01544373590585224
2021-03-04,-0.0020295851780715935,0.0009083944740074406,-0.0029379796520790343,1.2977063914392009,0.947706391439201,99266.37424751054,0.0015743526334777898,98284.18982696666,-0.018336342176087705
2021-03-05,-0.002625928622102358,0.0004518909257067225,-0.0030778195478090805,0.6455584652953179,0.35,98960.85026041142,0.0021130124155438468,98491.8655403227,-0.02135772577151196
2021-03-08,-0.00041428719153817627,0.0,-0.00041428719153817627,0.0,0.35,98919.8520476848,0.010148274255595243,99491.38800377109,-0.021763164730822626
2021-03-09,0.007611355961948218,0.000245,0.007366355961948219,0.35,0.7,99648.5308895713,-0.007975616494496887,98697.88284854783,-0.014557123987140264
2021-03-10,0.007189137660502115,0.0,0.007189137660502115,0.0,0.7,100364.91789580324,-0.0005111501732145696,98647.4334086339,-0.007472639494922384
2021-03-11,0.0022824683473903927,0.00049,0.0017924683473903927,0.7,0.7,100544.81883431991,-0.0059955552770766625,98055.98726869069,-0.0056935656172980575
2021-03-12,-0.0024484752246129115,0.00049,-0.0029384752246129115,0.7,0.7,100249.37037521206,-0.003688764151607312,97694.28185800348,-0.008615310440404866
2021-03-15,0.0012874649829379657,0.000768009098272262,0.0005194558846657037,1.09715585467466,0.9688202579684941,100301.4455005875,-0.0020433288593085797,97494.6603124936,-0.00810032982944564
2021-03-16,0.006028926689168912,0.0009231741805779457,0.005105752508590966,1.318820257968494,0.35,100813.55985756741,0.0026188104444303897,97749.98034719615,-0.003035935600201989
2021-03-17,0.0035347849810144216,0.0007349999999999999,0.0027997849810144216,1.0499999999999998,0.7,101095.81614833922,-0.0025672077363929993,97499.03584141657,-0.00024465058608436063
2021-03-18,0.004562419758801589,0.0007349999999999999,0.003827419758801589,1.0499999999999998,0.35,101482.75227259756,-0.005637868088178566,96949.34913861807,0.0
2021-03-19,-0.000403163115636318,0.00049,-0.000893163115636318,0.7,0.35,101392.1116213944,-0.0064640612457784,96322.6626080477,-0.000893163115636475
2021-03-22,0.0014858930028302296,0.000245,0.0012408930028302296,0.35,0.7,101517.92838324758,-0.003225069273615877,96012.01534851761,0.0
2021-03-23,0.0009607365100966171,0.00028750683142941624,0.0006732296786672008,0.41072404489916603,0.9892759551008339,101586.27326555198,0.008531269389762786,96831.11971610985,0.0
2021-03-24,0.0030575432164905323,0.00044749316857058374,0.0026100500479199484,0.6392759551008339,0.35,101851.41852295677,-0.01084190094460972,95781.28630779215,0.0
2021-03-25,0.006637244271078191,0.00049,0.006147244271078191,0.7,0.35,102477.5240719732,-0.004623576484945935,95338.43420472156,0.0
2021-03-26,0.008674388057188759,0.0007349999999999999,0.00793938805718876,1.0499999999999998,0.7,103291.13290272049,-0.0030848066761183976,95044.33356639616,0.0
2021-03-29,-0.006881431548816352,0.000245,-0.0071264315488163525,0.35,0.35,102555.03571448957,0.00746150516287684,95753.50735200402,-0.007126431548816314
2021-03-30,-0.00017972301337169103,0.0007349999999999999,-0.0009147230133716909,1.0499999999999998,0.7,102461.22626318436,0.008898830974901184,96605.60162918345,-0.008034635851247085
2021-03-31,0.0,0.00049,-0.00049,0.7,0.0,102411.0202623154,0.002259472256908368,96823.87930592653,-0.008520698879679989
2021-04-01,0.0009531487717586883,0.000245,0.0007081487717586883,0.35,0.35,102483.54250052871,-0.005449729015330289,96296.21540149619,-0.007818584030367504
2021-04-02,-0.0030496914251996296,0.00049,-0.0035396914251996296,0.7,0.35,102120.7823839155,-0.0018881973908370837,96114.3891388276,-0.011330600080717734
2021-04-05,0.0025368590000897804,0.0007349999999999999,0.0018018590000897805,1.0499999999999998,0.7,102304.78963475018,0.0010340721787699403,96213.77835461551,-0.009549157224359672
2021-04-06,0.005034296965314666,0.0002448520807859271,0.004789444884528739,0.34978868683703873,0.9854164357727201,102794.77278612912,-0.0075902208367064255,95483.49452937004,-0.004805447502050808
2021-04-07,-0.004789766690335589,0.000489852080785927,-0.005279618771121516,0.6997886868370387,0.35,102252.0555741543,0.0008264521340403119,95562.40706718949,-0.01005969534233675
2021-04-08,0.011088771729918165,0.0009449999999999999,0.010143771729918165,1.3499999999999999,1.0,103289.27708481344,-0.011036021635932832,94507.77827521415,-1.7966865643703755e-05
2021-04-09,-0.00037534047645936767,0.00024265975079462292,-0.0006180002272539906,0.34665678684946133,0.7,103225.44428810212,-0.0003941705068840247,94470.52609634692,-0.0006359559893707178
2021-04-12,-0.0016643415541855331,0.00049,-0.002154341554185533,0.7,0.7,103003.061424023,0.00025164779618943217,94494.29939604392,-0.002788927477141656
2021-04-13,-0.0017685112011778688,0.00049,-0.002258511201177869,0.7,0.7,102770.42785604125,0.004241706341541418,94895.11646503162,-0.005041139854373045
2021-04-14,0.003551572876894915,0.00049,0.003061572876894915,0.7,0.7,103085.06701051218,0.004082849314107777,95282.55892620307,-0.0019950007945249704
2021-04-15,0.0063950682841497405,0.0007349999999999999,0.005660068284149741,1.0499999999999998,0.35,103668.53552886784,-0.0026820964002759093,95027.00191789801,0.0
2021-04-16,-0.0036672311909669133,0.0007349999999999999,-0.004402231190966913,1.0499999999999998,0.7,103212.16266824078,-0.0007013436650456691,94960.35533209461,-0.004402231190967054
2021-04-19,0.00865662789395798,0.0,0.00865662789395798,0.0,0.7,104105.6319545904,-0.0024068124486290956,94731.80356675509,0.0
2021-04-20,-0.0011236930662609059,0.0,-0.0011236930662609059,0.0,0.7,103988.6491778043,-0.006053140103132478,94158.37868754308,-0.0011236930662610334
2021-04-21,-0.009409925720257475,0.0006841853848372892,-0.010094111105094764,0.9774076926246988,0.9774076926246988,102938.97619933484,-0.01724272518152133,92534.83164029616,-0.01120646148869675
2021-04-22,-0.0012142946037314347,0.0009321335025099789,-0.002146428106241414,1.3316192892999699,0.9786613128846308,102718.02508759286,0.0013461692906551193,92659.39918896627,-0.013328835731027389
2021-04-23,0.005410915623534814,0.0004345411770149501,0.004976374446519863,0.6207731100213573,0.9829142133064437,103229.18844283574,-0.00195075758538014,92478.64316314163,-0.008418790562041312
2021-04-26,-0.003937072413153586,0.0002394782579957085,-0.004176550671149294,0.34211179713672646,0.7,102798.04650656263,0.006170657576001881,93049.29720319464,-0.01256017972781831
2021-04-27,-0.0016212886704880414,0.0,-0.0016212886704880414,0.0,0.7,102631.38119841323,-0.0021129078227755485,92852.69261523026,-0.014161104721214457
2021-04-28,-0.0020419617661943776,0.000245,-0.0022869617661943776,0.35,0.35,102396.66715360073,0.0028657326300474497,93118.78360624549,-0.01641568058234444
2021-04-29,0.005008706705448296,0.0007349999999999999,0.0042737067054482965,1.0499999999999998,0.7,102834.28047663065,0.0075403196765227625,93820.92900252552,-0.012212129681075212
2021-04-30,-0.003365868605526745,0.0,-0.003365868605526745,0.0,0.7,102488.15380040243,-0.0016503363809540577,93666.09291009775,-0.01553689386270174
2021-05-03,-0.002938201954261451,0.0006895769149025216,-0.003627778869163973,0.9851098784321738,0.9740252747605589,102116.34944170571,0.005902389067661569,94218.94663290089,-0.01910830831661814
2021-05-04,-0.00207124845807507,0.0006895769149025217,-0.0027608253729775917,0.9851098784321739,0.7,101834.4240331712,-0.0067814797944976135,93580.00275005102,-0.02181637898716049
2021-05-05,-0.0017579471994912498,0.000245,-0.0020029471994912496,0.35,0.35,101630.45505874215,0.006359659313620296,94175.139686109,-0.023775629131456477
2021-05-06,0.0,0.000245,-0.000245,0.35,0.0,101605.55559725275,0.005540671545558558,94696.93320286683,-0.024014804102319376
2021-05-07,0.004604831983976687,0.00049,0.004114831983976687,0.7,0.7,102023.64538717405,-0.005839708856495429,94143.9306833591,-0.019998789002351747
2021-05-10,0.002358462513143322,0.0007349999999999999,0.001623462513143322,1.0499999999999998,0.35,102189.27695091435,-0.0024715089743398235,93911.25311379555,-0.018407793773462022
2021-05-11,-0.008498402788742865,0.0007349999999999999,-0.009233402788742864,1.0499999999999998,0.7,101245.72219613616,0.0050516896604424115,94385.6636201497,-0.02747122998784246
2021-05-12,0.0,0.00049,-0.00049,0.7,0.0,101196.11179226007,0.005884294465783424,94941.05665823903,-0.02794776908514829
2021-05-13,-0.004456702030334264,0.00049,-0.004946702030334264,0.7,0.7,100695.52478059535,0.004275500064299294,95346.97715208598,-0.03275622182940585
2021-05-14,0.003333733304288315,0.0003076430190385455,0.0030260902852497695,0.4394900271979222,0.9605099728020777,101000.23852990202,-0.007389080902706587,94642.4506240807,-0.02982925482881571
2021-05-17,-0.001152596243722892,0.0005361957537170178,-0.0016887919974399098,0.765993933881454,0.35,100829.67013533322,-0.0019685617470375596,94456.14111613625,-0.03146767141941098
2021-05-18,-0.0006896272178589124,0.00049,-0.0011796272178589123,0.7,0.35,100710.72871207385,0.0026606803089343303,94707.45871086189,-0.03261017851558079
2021-05-19,-0.003749715583662993,0.00049,-0.004239715583662993,0.7,0.35,100283.74386611121,-0.00271965050559142,94449.8875228956,-0.0367116362172053
2021-05-20,-0.0005876448837852765,0.000245,-0.0008326448837852765,0.35,0.7,100200.24311985425,0.0010324788862250411,94547.40503756932,-0.03751371334491904
2021-05-21,0.0017080112016563064,0.000245,0.0014630112016563064,0.35,0.35,100346.83719794729,-0.0047728780275695755,94096.14180550179,-0.03610558512610207
2021-05-24,0.0015536022877446708,0.00049,0.0010636022877446708,0.7,0.35,100453.56632355895,-0.002263908680704363,93883.11673324752,-0.03508038482129805
2021-05-25,-0.005950385231527036,0.0004236070155914549,-0.006373992247118491,0.6051528794163641,0.9551528794163641,99813.27607061717,0.006962658102859305,94536.79277669195,-0.041230774967539685
2021-05-26,-0.0031569955535870053,0.0004236070155914549,-0.00358060256917846,0.6051528794163641,0.35,99455.8843978806,0.00835309498713103,95326.46758653437,-0.04466374651794025
2021-05-27,-0.000806129845672393,0.00049,-0.001296129845672393,0.7,0.35,99326.97665778476,-0.00036749144725937527,95291.43592499888,-0.045901986348731105
2021-05-28,0.0032129602445626457,0.00049,0.0027229602445626457,0.7,0.35,99597.44006643651,-0.009684246391118386,94368.61018053771,-0.04330401538814255
2021-05-31,0.004813692496371601,0.0,0.004813692496371601,0.0,0.35,100076.87151634213,-0.0024254569966364325,94139.72317471248,-0.03869877510570763
2021-06-01,0.0,0.000245,-0.000245,0.35,0.0,100052.35268282062,-0.006679060733643327,93510.95824618019,-0.03893429390580683
2021-06-02,-0.0011648885698320754,0.0006670536686380008,-0.0018319422384700762,0.9529338123400012,0.9529338123400012,99869.06255188266,-0.0010952301176950785,93408.54222837446,-0.04069491076674581
2021-06-03,-0.003053932882874427,0.0007469935707825764,-0.003800926453657003,1.0671336725465377,0.7,99489.46759012727,-0.0025918757441490228,93166.43889347643,-0.04434115885754042
2021-06-04,0.0022004976163762053,0.0003171988306939033,0.001883298785682302,0.4531411867055761,0.9468588132944238,99676.83598362794,-0.0038922528185149075,92803.8115591023,-0.042541367722490175
2021-06-07,-0.0004739330594608459,0.0003171988306939033,-0.0007911318901547492,0.4531411867055761,0.7,99597.97845997156,0.006307991804465322,93389.21724184025,-0.04329884377998894
2021-06-08,-0.0024827466700048425,0.00049,-0.0029727466700048425,0.7,0.7,99301.89890116548,-0.002100989509569088,93193.00747610828,-0.046142873956331654
2021-06-09,-0.001032785632640837,0.0007349999999999999,-0.0017677856326408369,1.0499999999999998,0.35,99126.35443099405,-0.003084573544141637,92905.54679074849,-0.04782908887934367
2021-06-10,-0.005333745170467086,0.0007349999999999999,-0.006068745170467085,1.0499999999999998,0.7,98524.78184627494,0.010311452874268268,93863.53795823941,-0.053607571497666484
2021-06-11,0.0003725755208236925,0.0007349999999999999,-0.0003624244791763074,1.0499999999999998,0.35,98489.07405352834,0.00943430803410994,94749.07548850881,-0.05395056728066283
2021-06-14,-0.008119475886705384,0.000941270339467874,-0.009060746226173257,1.3446719135255343,0.9946719135255341,97596.68954747854,0.008060220319013286,95512.773911969,-0.06252248110794789
2021-06-15,-0.008954000225606933,0.0009280046299467516,-0.009882004855553685,1.325720899923931,0.9819272003664751,96632.2385874844,0.003892614746788888,95884.56834420543,-0.07178663850161149
2021-06-16,0.003944214560866533,0.0009323490402565323,0.0030118655206100003,1.3319272003664748,0.35,96923.28189506539,0.004933340292660497,96357.59954866227,-0.0689909846823451
2021-06-17,-0.0038571040566274355,0.000245,-0.004102104056627436,0.35,0.7,96525.69250722199,0.006165948846724056,96951.73557847244,-0.07281008054083649
2021-06-18,-0.002398103163705956,0.00098,-0.003378103163705956,1.4,0.7,96199.61875998444,0.004968997019954531,97433.48846364128,-0.0759422237411177
2021-06-21,-0.002462553868530491,0.00022159696591461358,-0.0026841508344451048,0.3165670941637337,0.9524519919484952,95941.40447301653,-0.0033208941124662403,97109.92216544533,-0.07842253419233847
2021-06-22,0.000123663674689245,0.0009117163943639468,-0.0007880527196747018,1.3024519919484954,0.35,95865.79758829216,0.0011647363555290131,97223.029622274,-0.0791487858206591
2021-06-23,-0.0017774266380108038,0.0,-0.0017774266380108038,0.0,0.35,95695.40316598458,0.006428620087610877,97848.03954348214,-0.08078553129838606
2021-06-24,-0.0008343096286019369,0.0,-0.0008343096286019369,0.0,0.35,95615.56356971024,0.008479777244088549,98677.76912258164,-0.08155244078037416
2021-06-25,0.0006126325292446555,0.0,0.0006126325292446555,0.0,0.35,95674.1407742551,-0.0006273323469379773,98615.86536608737,-0.08098976992919094
2021-06-28,-0.00017625034792402236,0.0005342632970273453,-0.0007105136449513677,0.7632332814676361,0.9742938887658261,95606.162991766,-0.0022429857343860085,98394.6713868871,-0.08164273923750598
2021-06-29,-0.003359414457482562,0.0002892632970273453,-0.003648677754509907,0.41323328146763616,0.7,95257.32691166388,-0.001013153185858336,98294.98251209999,-0.0849935289455429
2021-06-30,0.01215490275582377,0.0006858836653594783,0.011469019090464293,0.9798338076563976,0.9798338076563976,96349.83501252036,0.011822999281474603,99457.12401971311,-0.07449930226112089
2021-07-01,-0.004596778190758043,1.3498425406314606e-05,-0.004610276616164358,0.019283464866163724,0.9784986572698592,95905.63562119084,-0.004399035759323581,99019.60857463093,-0.07876611648615028
2021-07-02,-1.4676630492514026e-05,0.00042897778027720595,-0.00044365441076972,0.6128254003960085,0.9992044094372876,95863.08666292983,0.003898254241953595,99405.61218379356,-0.07917482596192171
2021-07-05,0.0022460665204156573,0.0002805569133938986,0.0019655096070217586,0.4007955905627123,0.7,96051.50648072455,0.005884627967633967,99990.57722939008,-0.07736493523596266
2021-07-06,0.0,0.00049,-0.00049,0.7,0.0,96004.441242549,0.0046331668163612045,100453.85025375811,-0.07781702641769694
2021-07-07,-0.003802609144932661,0.00049,-0.004292609144932661,0.7,0.7,95592.33170011708,-0.001125432620270132,100340.79621385079,-0.08177559748339758
2021-07-08,0.00029266942791795765,0.0,0.00029266942791795765,0.0,0.7,95620.3086531491,0.00317521129163952,100659.39944300111,-0.0815068612728127
2021-07-09,-0.0023634557483571735,0.000245,-0.0026084557483571735,0.35,0.35,95370.8873093831,-0.0007883577163230182,100580.04382872979,-0.08390270998035221
2021-07-12,0.002041982903093875,0.0,0.002041982903093875,0.0,0.35,95565.63303072174,0.002826721124156236,100864.355563289,-0.08203205497656163
2021-07-13,-0.00404927927407443,0.00049,-0.00453927927407443,0.7,0.35,95131.83393339158,-0.010554033532512053,99799.82977243884,-0.08619896784367131
2021-07-14,0.006038698203515181,0.000245,0.00579369820351518,0.35,0.7,95682.99906874857,-0.0003174921190683226,99768.14411300173,-0.08090468044529686
2021-07-15,-0.0014423471910834317,0.00049,-0.0019323471910834317,0.7,0.7,95498.10629426363,4.307497218125622e-05,99772.44162303397,-0.08268069170437642
2021-07-16,0.004358386512285716,0.00049,0.003868386512285716,0.7,0.7,95867.5298806012,0.007154289483969863,100486.24255292764,-0.0791321460647062
2021-07-19,-0.0018143230040682855,0.00049,-0.0023043230040682853,0.7,0.7,95646.62012615413,-0.003340464400271026,100150.57183696258,-0.08125412304423629
2021-07-20,0.0018311181963647837,0.0007349999999999999,0.001096118196364784,1.0499999999999998,0.35,95751.46012689518,-0.0019785393285405664,99952.41999180733,-0.08024706897067013
2021-07-21,-0.0005292449176809043,0.0007349999999999999,-0.0012642449176809042,1.0499999999999998,0.7,95630.40683006923,0.009871539219106365,100939.10422580106,-0.08140986193924604
2021-07-22,-0.00012317704514785424,0.00098,-0.001103177045147854,1.4,0.7,95524.90956043615,0.0031657838987892615,101258.65561671733,-0.08242322949345382
2021-07-23,6.597165864374865e-06,0.00098,-0.0009734028341356251,1.4,0.7,95431.92534273947,0.00019197071397214494,101278.09431313192,-0.08331640132240192
2021-07-26,-0.004798094949517045,0.00098,-0.005778094949517045,1.4,0.7,94880.51061689388,-0.004275094179646073,100845.1209216082,-0.08861308619422625
2021-07-27,-0.0016451838078788803,0.00049,-0.0021351838078788802,0.7,0.7,94677.92328694141,0.004414859930133945,101290.3380051145,-0.09055906477529707
2021-07-28,0.004840978087995817,0.0007349999999999999,0.004105978087995818,1.0499999999999998,0.35,95066.66876537453,-0.00568358756630342,100714.64549944198,-0.08682492022293808
2021-07-29,0.0044662619293850845,0.00049,0.0039762619293850845,0.7,0.35,95444.67874113974,-0.0007677903395754507,100637.31776757374,-0.08319389691835755
2021-07-30,-0.0013769605784180682,0.0007349999999999999,-0.002111960578418068,1.0499999999999998,0.7,95243.10334221867,-0.002554009405758969,100380.28911142501,-0.085130155266119
2021-08-02,-0.0030918988171574732,0.000245,-0.0033368988171574732,0.35,0.35,94925.28674333362,0.0027708539145443836,100658.42822845248,-0.08818298336886454
2021-08-03,-0.0024143219145474626,0.000245,-0.0026593219145474626,0.35,0.7,94672.84984805237,-0.003051396985009447,100351.27940404038,-0.09060779834324906
2021-08-04,-0.001303495923451414,0.00049,-0.001793495923451414,0.7,0.7,94503.05447778835,-0.004079768595881365,99941.86940577127,-0.09223878954973896
2021-08-05,0.0074284480664043966,0.0,0.0074284480664043966,0.0,0.7,95205.06551009319,0.006422731431854456,100583.769191762,-0.08549553254121278
2021-08-06,-0.001470362389584706,0.000245,-0.001715362389584706,0.35,0.35,95041.75432141923,-0.0026830912358817294,100313.89376217163,-0.08706423910979877
2021-08-09,0.002229194659570416,0.00049,0.001739194659570416,0.7,0.35,95207.05043297124,0.0008211174007987468,100396.26324588165,-0.08547646610992776
2021-08-10,0.0,0.000245,-0.000245,0.35,0.0,95183.72470561515,0.0016364917918363364,100560.56090661456,-0.08570052437573095
2021-08-11,-0.002057955578918026,0.0006605814214728762,-0.002718537000390902,0.9436877449612517,0.9436877449612517,94924.96422816791,-0.006543496016846413,99902.54327687029,-0.08818608132965355
2021-08-12,-0.0007820692778197249,0.0006605814214728762,-0.001442650699292601,0.9436877449612517,0.7,94788.02066214383,0.0015791304876502006,100060.30242875259,-0.089501510317048
2021-08-13,-0.00014719420956831318,0.000245,-0.0003921942095683132,0.35,0.35,94750.8453493037,0.006676457620357956,100728.35079739835,-0.08985860255252232
2021-08-16,-0.003022337963368527,0.000245,-0.003267337963368527,0.35,0.7,94441.26231523266,0.007453443854259945,101479.12390459895,-0.09283234209243574
2021-08-17,-0.0019170098944389145,0.000245,-0.0021620098944389148,0.35,0.35,94237.07937166383,0.0068503673900688344,102174.29318576776,-0.09479364754474673
2021-08-18,0.0,0.000245,-0.000245,0.35,0.0,94213.99128721775,0.0031434269779446744,102495.47061542033,-0.09501542310109845
2021-08-19,-0.00046507230245595993,0.000245,-0.00071007230245596,0.35,0.35,94147.09254150088,0.003359551682458606,102839.80944617072,-0.0956580275833041
2021-08-20,-0.0009406540183721722,0.000245,-0.0011856540183721722,0.35,0.7,94035.466662911,0.005649497651274908,103420.80270809442,-0.09673026427688258
2021-08-23,0.0,0.00049,-0.00049,0.7,0.0,93989.38928424618,-0.009920745762407349,102394.79121788334,-0.09717286644738676
2021-08-24,-0.002562452423894512,0.000245,-0.002807452423894512,0.35,0.35,93725.51854547976,0.0030710520295495667,102709.25094926833,-0.09970751067183681
2021-08-25,-0.001738477742291065,0.0004489112750306148,-0.0021873890173216798,0.6413018214723069,0.9395014520920786,93520.5043755706,-0.0018661524031229708,102517.5798337864,-0.10167680057537043
2021-08-26,0.0,0.000657651016464455,-0.000657651016464455,0.9395014520920786,0.0,93459.00052080775,0.00484588013941023,103014.36773784333,-0.10226758374058553
2021-08-27,0.0,0.0,0.0,0.0,0.0,93459.00052080775,0.0018676447902195026,103206.76198506668,-0.10226758374058553
2021-08-30,-0.0031762052767423054,0.000245,-0.0034212052767423054,0.35,0.35,93139.2580950669,0.005480850285046597,103772.42279591126,-0.10533891062019474
2021-08-31,-0.0003386195976711415,0.000245,-0.0005836195976711415,0.35,0.7,93084.90019873007,-9.922305981254394e-05,103762.12617859727,-0.10586105236523069
2021-09-01,-0.008124473638850748,0.00049,-0.008614473638850748,0.7,0.7,92283.02277979306,-0.008892878000887486,102839.38224937832,-0.11356358875910011
2021-09-02,0.00044645468090845906,0.000245,0.00020145468090845906,0.35,0.35,92301.61362670042,0.002100066115397814,103055.35175136868,-0.11338501199472806
2021-09-03,0.0032092060454891325,0.000502864510876215,0.0027063415346129174,0.7183778726803072,0.90100485492168,92551.41331737014,0.012414447440302364,104334.72699912792,-0.11098552902747916
2021-09-06,0.012097350605353996,0.00025024336425839204,0.011847107241095604,0.3574905203691315,0.6891126476888243,93647.87983625599,-0.00808371397318608,103491.31490859651,-0.1004532792509818
2021-09-07,0.0019483453997859443,0.000482378853382177,0.0014659665464037673,0.6891126476888243,0.7,93785.16449523758,0.0060588101492731194,104118.34913772633,-0.09913457385143654
2021-09-08,-0.0018851212036551483,0.00049,-0.0023751212036551483,0.7,0.7,93562.41336245666,0.009839172564720222,105142.78754204621,-0.10127423842672179
2021-09-09,0.0,0.00049,-0.00049,0.7,0.0,93516.56777990906,0.007356040908342372,105916.22218842265,-0.10171461404989268
2021-09-10,-0.003549072738760461,0.000245,-0.003794072738760461,0.35,0.35,93161.75911947287,-0.0029372776863993235,105605.11683236089,-0.10512277414435278
2021-09-13,0.0,0.000245,-0.000245,0.35,0.0,93138.9344884886,0.003012312622652965,105923.23245881175,-0.10534201906468754
2021-09-14,-0.003811990103604324,0.0006806106786373855,-0.004492600782241709,0.9723009694819793,0.9723009694819793,92720.49843854846,0.009641433275831298,106944.48423692373,-0.10936136020967624
2021-09-15,0.004140755268010431,0.00029938932136261437,0.003841365946647817,0.42769903051802055,0.7,93076.67180380652,0.0031458206766116956,107280.91240668582,-0.10594009126801684
2021-09-16,-0.0020413930671658695,0.000245,-0.0022863930671658695,0.35,0.35,92863.86194667943,0.0010434836860610714,107392.85828860797,-0.10798426364497249
2021-09-17,0.0014805534736391898,0.000245,0.0012355534736391898,0.35,0.7,92978.6002138832,-0.00013589860851215274,107378.2637486024,-0.10688213050337825
2021-09-20,0.005137662665040187,0.000245,0.004892662665040187,0.35,0.35,93433.51313979737,0.008664377593634106,108308.62957106912,-0.10251240604781175
2021-09-21,0.003089159985023626,0.00049,0.0025991599850236262,0.7,0.35,93676.36178841052,-0.0014653485199936551,108149.9196810246,-0.10017969220655609
2021-09-22,0.0009421189369652305,0.000245,0.0006971189369652305,0.35,0.7,93741.66535415924,-0.0007889226668809091,108064.59775796691,-0.0995524104301273
2021-09-23,0.010023719399283842,0.0,0.010023719399283842,0.0,0.7,94681.3055036909,0.00738590000031895,108862.75207058193,-0.09052657645851736
2021-09-24,0.0,0.00049,-0.00049,0.7,0.0,94634.91166399409,0.003204786362895562,109211.633933845,-0.09097221843605274
2021-09-27,-0.004825032156781595,0.000245,-0.005070032156781595,0.35,0.35,94155.10961870346,-0.008259928978969914,108309.5535938742,-0.09558101851998979
2021-09-28,-0.0034627596765249512,0.000245,-0.0037077596765249512,0.35,0.7,93806.00509992044,-0.0045120956848521505,107820.85052447501,-0.09893438675020516
2021-09-29,-0.0013577226961559218,0.0007349999999999999,-0.0020927226961559215,1.0499999999999998,0.35,93609.69514401212,0.006508372958855424,108522.58883242932,-0.10082006720977854
2021-09-30,-0.00013549353913906435,0.0,-0.00013549353913906435,0.0,0.35,93597.01163511931,0.005239092832649561,109091.14874976187,-0.10094190028119532
2021-10-01,0.004939611489164546,0.0004679904288892687,0.004471621060275277,0.6685577555560982,0.9577332448156107,94015.54200352576,0.005795907063368373,109723.43090935159,-0.09692165314808154
2021-10-04,-0.0034532964882136624,2.9737172359253294e-05,-0.0034830336605729158,0.04248167479893328,0.9700271836322094,93688.08270611046,-0.0035273553057057296,109336.39738317327,-0.10006710542830133
2021-10-05,0.0012527278522134642,0.0001932532565300155,0.0010594745956834487,0.276076080757165,0.7,93787.34284965586,0.00362693519154611,109732.95341055917,-0.09911364938868295
2021-10-06,-0.002433501315767372,0.00049,-0.002923501315767372,0.7,0.7,93513.15542943258,-0.00532826734598942,109148.26689812272,-0.10174739182005188
2021-10-07,0.0015944882049044593,0.00049,0.0011044882049044593,0.7,0.7,93616.43960660778,0.0014826950206836924,109310.10048996881,-0.10075528240929255
2021-10-08,-0.0025593400736542704,0.00049,-0.0030493400736542704,0.7,0.7,93330.97124576251,-0.0029306724233411443,108989.74839287021,-0.10349738536266373
2021-10-11,-0.0014605941585212057,0.000245,-0.0017055941585212057,0.35,0.35,93171.78648639664,0.0017549941410064014,109181.02476272946,-0.10502645498528806
2021-10-12,-0.0050314115382290685,0.00049,-0.0055214115382290685,0.7,0.35,92657.34670945324,-0.0014783361414192713,109019.61850786553,-0.10996797224314203
2021-10-13,0.0025462096664235264,0.0007349999999999999,0.0018112096664235264,1.0499999999999998,0.7,92825.16859147856,0.0014947034053506651,109182.57050289928,-0.10835593763104223
2021-10-14,0.0015864449341728758,0.000245,0.0013414449341728758,0.35,0.35,92949.68844364934,-0.00014920168033779232,109166.28027991664,-0.10715984622049213
2021-10-15,0.0,0.000245,-0.000245,0.35,0.0,92926.91576998064,-0.0022162077383209113,108924.34512479659,-0.10737859205816813
2021-10-18,-0.0012825733267587736,0.00049,-0.0017725733267587736,0.7,0.7,92762.19599774881,0.0031724547509959233,109269.90268098687,-0.10896082895677972
2021-10-19,-0.0068554947250749065,0.00098,-0.007835494725074907,1.4,0.7,92035.35830032208,-0.003790137815290954,108855.7546907625,-0.115942561681324
2021-10-20,0.005298796256591387,0.00098,0.004318796256591387,1.4,0.7,92432.84026122357,-0.0069448790619933325,108099.76463923314,-0.11212449772610156
2021-10-21,-0.005337540472724533,0.00098,-0.006317540472724533,1.4,0.7,91848.8920518644,0.011999730293296448,109396.93265967276,-0.11773368714645749
2021-10-22,0.0,0.00049,-0.00049,0.7,0.0,91803.88609475899,0.0014635008480034333,109557.03516338917,-0.11816599763975577
2021-10-25,0.0013237329877050063,0.000245,0.0010787329877050063,0.35,0.35,91902.91797508893,-0.004993957628345758,109009.91197189603,-0.11721473421172968
2021-10-26,-0.001639347826420856,0.000245,-0.001884347826420856,0.35,0.7,91729.74091136083,0.00874282763258368,109962.96684250941,-0.11887820870851429
2021-10-27,-0.011394803287369665,0.0006853877416211135,-0.012080191028990779,0.9791253451730193,0.9791253451730192,90621.62811811177,0.0055801194879977105,110576.57333674534,-0.12952232826712184
2021-10-28,0.007117918602851886,0.00044038774162111346,0.006677530861230772,0.6291253451730192,0.35,91226.75683656543,-0.006292510503493258,109880.76908758357,-0.12370968675011329
2021-10-29,0.003932230450076918,0.00049,0.0034422304500769177,0.7,0.35,91540.78035681002,-0.002071786003300787,109653.11964815599,-0.1206932935507371
2021-11-01,0.0018573297315414904,0.0007349999999999999,0.0011223297315414906,1.0499999999999998,0.7,91643.51929625298,0.0046668483335419175,110164.85412685366,-0.11970642149094524
2021-11-02,-0.0019218971522664717,0.0007349999999999999,-0.0026568971522664716,1.0499999999999998,0.35,91400.0318908111,0.004810824729110097,110694.83793136594,-0.12204527099284435
2021-11-03,-0.0018529306325795413,0.0,-0.0018529306325795413,0.0,0.35,91230.67397190187,-0.002560465567967999,110411.40761029089,-0.12367206020423982
2021-11-04,-0.003044393267820688,0.000245,-0.003289393267820688,0.35,0.7,90930.58040711994,0.0006086800911249135,110478.61283593636,-0.12655464742980715
2021-11-05,-0.0005624515269791964,0.00049,-0.0010524515269791964,0.7,0.7,90834.88037892137,-0.0026275203934709537,110188.32802766757,-0.12747390632485245
2021-11-08,0.0014302017803406286,0.000245,0.0011852017803406286,0.35,0.35,90942.5380408635,0.0024094891757686274,110453.82561134627,-0.12643978684523505
2021-11-09,-0.00766165209719894,0.00049,-0.008151652097198939,0.7,0.35,90201.2061099181,-0.009605431708069415,109392.86893254147,-0.1335607457888276
2021-11-10,0.0,0.000245,-0.000245,0.35,0.0,90179.10681442116,0.0032851446644711255,109752.2403322464,-0.13377302340610941
2021-11-11,-0.0007480911211061253,0.00049,-0.0012380911211061253,0.7,0.7,90067.45686296494,-0.0077571898095943155,108900.87137196097,-0.13484549133469292
2021-11-12,-0.004566932550128522,0.0007349999999999999,-0.005301932550128521,1.0499999999999998,0.35,89589.92528171588,0.007471752490780877,109714.55172888261,-0.1394324821850761
2021-11-15,0.001277477215232947,0.00049,0.0007874772152329471,0.7,0.35,89660.47530658967,0.0008243754749086193,109804.99771456848,-0.13875480487262715
2021-11-16,0.0,0.000245,-0.000245,0.35,0.0,89638.50849013955,0.007995544771440821,110682.94848992328,-0.1389658099454334
2021-11-17,-0.0066103526895672105,0.00049,-0.0071003526895672105,0.7,0.7,89002.0434652928,0.013601510816433645,112188.40381100375,-0.14507945637259667
2021-11-18,0.005685820289823651,0.000245,0.00544082028982365,0.35,0.35,89486.28758921452,-0.0023409167882459205,111925.78009307606,-0.1404279873326416
2021-11-19,-0.003384630551731682,0.0,-0.003384630551731682,0.0,0.35,89183.40956627902,0.004795880585944008,112462.56276889109,-0.14333732102812913
2021-11-22,-0.0021899259220209298,0.00049,-0.0026799259220209298,0.7,0.35,88944.40463516815,-0.0008040739011201762,112372.13455731554,-0.14563311354793362
2021-11-23,-0.005666681513895255,0.000245,-0.005911681513895255,0.35,0.7,88418.59364252201,-0.0043526097860395,111883.02250476323,-0.15068385847665644
2021-11-24,-0.00730166569046633,0.00049,-0.00779166569046633,0.7,0.7,87729.6655200383,0.010490540930586581,113056.7359317872,-0.15730144591692308
2021-11-25,0.0037958658220456796,0.00049,0.0033058658220456796,0.7,0.7,88019.68802286049,0.007747601484470586,113932.65446692171,-0.1545155975686926
2021-11-26,0.0,0.00049,-0.00049,0.7,0.0,87976.55837572929,0.0033496502044857435,114314.28900625445,-0.1549298849258839
2021-11-29,-0.00031760413606199964,0.000245,-0.0005626041360619996,0.35,0.35,87927.0624001106,0.006450760600022291,115051.70311779555,-0.15540532486788694
2021-11-30,0.0,0.000245,-0.000245,0.35,0.0,87905.52026982256,0.012293918499709067,116466.13937917846,-0.15561225056329442
2021-12-01,0.0,0.0,0.0,0.0,0.0,87905.52026982256,-0.006843174399596141,115669.14127575907,-0.15561225056329442
2021-12-02,0.0,0.0,0.0,0.0,0.0,87905.52026982256,0.005814850952473731,116341.74009207825,-0.15561225056329442
2021-12-03,0.004283351875385699,0.000245,0.004038351875385699,0.35,0.35,88260.51369246097,0.02121786096930589,118810.26295827908,-0.15220231571180387
2021-12-06,0.005958997624701645,0.000245,0.005713997624701645,0.35,0.7,88764.83405805464,0.009137159143425352,119895.85123880109,-0.14735800175755365
2021-12-07,0.002600057720707127,0.000245,0.002355057720707127,0.35,0.35,88973.88036583035,0.0059914282314245115,120614.19862674389,-0.14534998063659355
2021-12-08,-0.0006480196343094268,0.0,-0.0006480196343094268,0.0,0.35,88916.2235444126,-0.005113120092955577,119997.48374424974,-0.1459038106296039
2021-12-09,-0.001092685616434397,0.0005121594786776074,-0.0016048450951120044,0.7316563981108677,0.9996310122728632,88773.52677918147,-0.0006490314925785187,119919.60159826955,-0.14727450270986875
2021-12-10,0.0026992997760798385,0.0007571594786776074,0.001942140297402231,1.0816563981108678,0.7,88945.93742288183,0.0027589185717266838,120250.4500142331,-0.14561839015895928
2021-12-13,0.0,0.00049,-0.00049,0.7,0.0,88902.35391354463,0.002855181181971811,120593.78683623738,-0.14603703714778127
2021-12-14,0.004750275362313766,0.00049,0.004260275362313766,0.7,0.7,89281.10242157419,0.005869196151275458,121301.57542580436,-0.14239891977681363
2021-12-15,0.0,0.00049,-0.00049,0.7,0.0,89237.35468138763,-0.003680384351694266,120855.13900577136,-0.14281914430612286
2021-12-16,-0.0012705613625418664,0.000245,-0.0015155613625418664,0.35,0.35,89102.10999453707,-0.001445234332811111,120680.47500958356,-0.14411825449172322
2021-12-17,-0.0014494576868051556,0.00049,-0.0019394576868051556,0.7,0.35,88929.30022239761,0.005366124402849115,121328.06145147992,-0.1457782009220454
2021-12-20,0.001604615452821373,0.0007349999999999999,0.0008696154528213732,1.0499999999999998,0.7,89006.63451607959,-0.005028727215095581,120717.93572690406,-0.14503535644543042
2021-12-21,-0.0006492910850247613,0.000245,-0.0008942910850247613,0.35,0.35,88927.0366763238,-0.007651491269682009,119794.26349559562,-0.1457999437041727
2021-12-22,-0.004736512474402465,0.000245,-0.004981512474402466,0.35,0.7,88484.04553380904,0.010136547303481347,121008.56371420443,-0.15005515194024566
2021-12-23,0.0,0.00049,-0.00049,0.7,0.0,88440.68835149748,-0.0026449047972425164,120688.5075835293,-0.1504716249157949
2021-12-24,-0.0015972782154184961,0.00049,-0.002087278215418496,0.7,0.7,88256.08802934477,-0.0026068031115338286,120373.89640643417,-0.1522448269864881
2021-12-27,0.0024939310519683264,0.0006810698977788478,0.0018128611541894787,0.9729569968269254,0.9729569968269254,88416.08406295389,-0.0034588168497084273,119957.54514527855,-0.15070796456506885
2021-12-28,-0.004695333585862848,0.0009260698977788479,-0.005621403483641696,1.3229569968269255,0.35,87919.06157999244,0.003253539768589849,120347.83178895112,-0.15548217777169193
2021-12-29,0.0012719561326494154,0.0,0.0012719561326494154,0.0,0.35,88030.8907695459,-0.009556484759368803,119197.72956863692,-0.1544079881485768
2021-12-30,0.0005996598673450148,0.00049,0.00010965986734501484,0.7,0.35,88040.54422534996,0.005331082694767082,119833.1825219958,-0.1543152606407291
2021-12-31,0.00846417911916958,0.000245,0.008219179119169579,0.35,0.7,88764.16522808728,0.010293850979743446,121066.72744530562,-0.147364426289587
2022-01-03,-0.0027219465218338845,0.0007349999999999999,-0.0034569465218338845,1.0499999999999998,0.35,88457.31225583855,0.004275237833085292,121584.31649880762,-0.15031194187051722
2022-01-04,0.006300278066544162,0.00049,0.005810278066544162,0.7,0.35,88971.27383706409,-0.005511783341697847,120914.17008851777,-0.14537501798296304
2022-01-05,-0.0023379883549762503,0.0,-0.0023379883549762503,0.0,0.35,88763.26003490563,0.002723888003950662,121243.52674592953,-0.14737312123879065
2022-01-06,0.0,0.000245,-0.000245,0.35,0.0,88741.51303619707,-0.000899399993609736,121134.480318749,-0.14758201482408728
2022-01-07,-0.002275108468410064,0.000245,-0.002520108468410064,0.35,0.35,88517.87479769503,-0.0022015249459101196,120867.79973851742,-0.14973020060715414
2022-01-10,0.0,0.000245,-0.000245,0.35,0.0,88496.18791836959,0.0055557432576084365,121539.31020197668,-0.1499385167080054
2022-01-11,0.006239790992760778,0.00049,0.005749790992760778,0.7,0.7,89005.0225025563,0.004805133868992247,122123.32285784215,-0.14505084084808018
2022-01-12,0.0017293528233853243,0.0007248657272176655,0.0010044870961676588,1.035522467453808,0.9651754256701833,89094.42689915422,0.001834214357193183,122347.32320997614,-0.1441920554498327
2022-01-13,0.0,0.0006756227979691283,-0.0006756227979691283,0.9651754256701833,0.0,89034.23267316916,0.0007110667613218583,122434.32032484747,-0.14477025880785388
2022-01-14,0.0,0.0,0.0,0.0,0.0,89034.23267316916,0.001541455264637522,122623.04735248453,-0.14477025880785388
2022-01-17,0.007507336492434557,0.000245,0.007262336492434558,0.35,0.35,89680.8292301874,0.013399015306186405,124266.07544085168,-0.13855929264897904
2022-01-18,-0.002172952825202895,0.0,-0.002172952825202895,0.0,0.35,89485.95701894513,-0.0031756733473792265,123871.44697709076,-0.14043116266776212
2022-01-19,-0.0009499452906646777,0.000245,-0.0011949452906646776,0.35,0.7,89379.02619602473,0.005063992488590463,124498.73105413358,-0.1414583004019344
2022-01-20,0.0007710325262472537,0.00022848297232037305,0.0005425495539268807,0.3264042461719615,1.0,89427.51874681779,0.001879410068225525,124732.71522275802,-0.14099249898578992
2022-01-21,0.005375968216887089,0.0007515170276796268,0.004624451189207462,1.0735957538280383,0.7,89841.07194223438,-0.0030675625940760343,124350.08981128315,-0.13702006072618667
2022-01-24,0.00665302689518904,0.0007349999999999999,0.005918026895189041,1.0499999999999998,0.35,90372.75382228114,0.006241100934371617,125126.17127299355,-0.13191292223555562
2022-01-25,0.0004494315875656629,0.0007349999999999999,-0.00028556841243433694,1.0499999999999998,0.7,90346.94621844479,0.003780824866630376,125599.25141280875,-0.13216082048420763
2022-01-26,0.0063270383274787395,0.0007349999999999999,0.00559203832747874,1.0499999999999998,0.35,90852.169804469,0.010973149608306532,126977.4707892528,-0.1273078305302675
2022-01-27,0.0034871229261727917,0.0,0.0034871229261727917,0.0,0.35,91168.9824886867,-0.0003123120252760403,126937.81419818617,-0.12426464565861817
2022-01-28,0.0036179688567769706,0.0004474082769031713,0.0031705605798737994,0.6391546812902447,0.9891546812902446,91458.03927067253,-0.007948520248144445,125928.8464117767,-0.12148807366574166
2022-01-31,-0.001050921195783172,0.0009374082769031712,-0.0019883294726863432,1.3391546812902446,0.35,91276.19055567656,-0.005976946975456181,125176.17637409315,-0.12323484482097846
2022-02-01,0.0038625189067761022,0.000245,0.0036175189067761022,0.35,0.7,91606.38390075022,0.0031267768129559594,125567.57433991415,-0.12006313029531579
2022-02-02,0.0,0.00049,-0.00049,0.7,0.0,91561.49677263886,-0.0022982155118736283,125278.9929927778,-0.12049429936147105
2022-02-03,0.0005286894589356554,0.0006968059727290127,-0.0001681165137933573,0.9954371038985895,0.9954371038985895,91546.10377300374,-0.008855442128671212,124169.59212039207,-0.12064215879372375
2022-02-04,-0.0007561114880533016,0.0002828811300528062,-0.0010389926181061078,0.40411590007543746,0.7,91450.9880469672,0.000786974667358035,124267.310443847,-0.12155580509941089
2022-02-07,0.0019976975589978962,0.0007349999999999999,0.0012626975589978963,1.0499999999999998,0.35,91566.46298634207,-0.002623978966085424,123941.23563507033,-0.1204465957587939
2022-02-08,0.0018524235597476512,0.0007349999999999999,0.0011174235597476512,1.0499999999999998,0.7,91668.78150936578,0.0008122688349342008,124041.90923813994,-0.11946376206283837
2022-02-09,0.011213476335559679,0.00098,0.010233476335559679,1.4,0.7,92606.87181565147,0.009470741971065863,125216.67815413271,-0.11045281530930573
2022-02-10,-0.010099946506444166,0.00098,-0.011079946506444166,1.4,0.7,91580.79262980491,0.0031876453043863475,125615.8245102816,-0.12030895053063662
2022-02-11,-0.004854896076123571,0.00049,-0.005344896076123571,0.7,0.7,91091.30281062958,-0.004446056345148793,125057.32947666655,-0.12501080776914653
2022-02-14,-6.034366925609935e-06,0.0003192301438710935,-0.00032526451079670346,0.4560430626729907,0.9439569373270092,91061.67404258304,0.004266952037053702,125590.94310342551,-0.12529541070071004
2022-02-15,-0.0007492879789550543,0.00024717131632065605,-0.0009964592952757105,0.35310188045808005,0.7,90970.93479103995,-0.000731712935374218,125499.0465857909,-0.1261670182193374
2022-02-16,-0.0016692071011895513,0.000245,-0.0019142071011895513,0.35,0.35,90796.7975816611,-0.0010006504918486463,125373.4659030983,-0.12783971551831552
2022-02-17,0.00020985745735957473,0.000245,-3.5142542640425266e-05,0.35,0.7,90793.60675133046,0.0080572337124869,126383.62921922408,-0.12787036544830233
2022-02-18,-0.004352505690281538,0.00049,-0.004842505690281538,0.7,0.7,90353.93819399596,0.0001495468726484539,126402.52949572777,-0.13209365816628216
2022-02-21,0.0013598258452548972,0.00049,0.0008698258452548972,0.7,0.7,90432.53038465766,-0.0018499610047250092,126168.68974526208,-0.13133873079889458
2022-02-22,-0.009968038937957053,0.0002091755427074153,-0.010177214480664469,0.29882220386773617,0.9544335876038594,89512.1791269038,0.006358844659439515,126970.97684423722,-0.1401792828466003
2022-02-23,0.005213842997757512,0.0004541755427074154,0.004759667455050096,0.6488222038677363,0.35,89938.22733272472,0.0012201361797585797,127125.89872686415,-0.13608682216198753
2022-02-24,-0.005535674837001117,0.0009192260104336112,-0.006454900847434728,1.313180014905159,0.9631800149051588,89357.68499289795,0.0009225294090201933,127243.17610708781,-0.14166329606572414
2022-02-25,-0.004419841905906681,0.0008635870978720846,-0.005283429003778766,1.233695854102978,0.970515839197819,88885.57000829594,-0.008534256176388108,126157.25024549267,-0.1461982571022984
2022-02-28,0.0012872551454601645,0.0002136912035873737,0.0010735639418727907,0.3052731479819624,0.7,88980.99435120967,-0.005659207011900073,125443.30025030134,-0.1452816463376152
2022-03-01,-0.0015723464674853413,0.0,-0.0015723464674853413,0.0,0.7,88841.0853990682,-0.01165842973238218,123980.82834893509,-0.14662555972169122
2022-03-02,0.0,0.00049,-0.00049,0.7,0.0,88797.55326722265,-0.002257479270589169,123700.9441989869,-0.1470437131974276
2022-03-03,-0.004618782237749752,0.000245,-0.004863782237749753,0.35,0.35,88365.6613048859,-0.00650217041702698,122896.61957905795,-0.15119230683475493
2022-03-04,-0.0018080395252766666,0.0,-0.0018080395252766666,0.0,0.35,88205.89269656946,0.001985386850600198,123140.61691155343,-0.15272698469335655
2022-03-07,0.006459498762421689,0.000245,0.006214498762421689,0.35,0.7,88754.04810757059,0.00267997975635866,123470.6312720619,-0.14746160758830007
2022-03-08,0.0007153785694119396,0.0007349999999999999,-1.9621430588060264e-05,1.0499999999999998,0.35,88752.30662617624,-0.0004304984759506321,123417.47735347462,-0.1474783356111904
2022-03-09,-0.0021064650809740904,0.000245,-0.0023514650809740903,0.35,0.7,88543.60867628887,-0.007095086741889967,122541.81964618647,-0.14948301053577473
2022-03-10,0.009466748684266313,0.00098,0.008486748684266313,1.4,0.7,89295.05603072257,-0.002582875298534034,122225.30940718492,-0.142264886594493
2022-03-11,-0.0005088611491093741,0.0007349999999999999,-0.001243861149109374,1.0499999999999998,0.35,89183.9853797184,-0.0006198812982217324,122149.54422371405,-0.1433317899782851
2022-03-14,-0.0007539371516137316,0.00049,-0.0012439371516137316,0.7,0.35,89073.0461069756,0.002339242660463999,122435.2816485184,-0.14439743139133754
2022-03-15,-0.0010678381397495077,0.0005325933379908262,-0.001600431477740334,0.7608476257011804,0.9853741138126344,88930.49080016777,0.0006190596219079655,122511.07638768392,-0.1457667646745744
2022-03-16,0.008451486367026228,0.0009347618796688439,0.007516724487357384,1.3353741138126343,0.35,89598.9567980381,-0.006186570658444079,121753.15295716948,-0.13934572879668927
2022-03-17,-0.008373421993722374,0.0007349999999999999,-0.009108421993722374,1.0499999999999998,0.7,88782.85168932426,-0.016371287688277374,119759.89706315282,-0.14718493108950859
2022-03-18,-0.0022408954139045735,0.0006687749741555788,-0.002909670388060152,0.9553928202222555,0.9553928202222555,88524.5228547963,1.951113265027023e-05,119762.23371439059,-0.1496663418420089
2022-03-21,0.002651829744876482,0.000439453581550871,0.002212376163325611,0.6277908307869586,0.9532486941243894,88720.37239903004,0.005651100602439711,120439.02214548353,-0.14778508392582668
2022-03-22,0.005060357147623989,0.00042227408588707256,0.004638083061736916,0.6032486941243894,0.35,89131.86485548496,-0.0012416239470065908,120289.48217143363,-0.14383244035862353
2022-03-23,-2.399600743065999e-05,0.0,-2.399600743065999e-05,0.0,0.35,89129.72604659358,-0.002788214206520534,119954.08932834823,-0.1438529849617466
2022-03-24,-0.0029922542147259755,0.000245,-0.0032372542147259755,0.35,0.7,88841.19046529187,0.009069977247779063,121042.07018933442,-0.1466245504946042
2022-03-25,-0.0035494966534869387,0.0007349999999999999,-0.004284496653486939,1.0499999999999998,0.35,88460.55068205153,-0.003254535286470276,120648.13450075583,-0.15028083475217802
2022-03-28,0.009921291390586784,0.00049,0.009431291390586783,0.7,0.35,89294.84791210572,-0.01097981783893709,119323.43996132995,-0.1422668857045598
2022-03-29,-0.0035374627174954596,0.00049,-0.00402746271749546,0.7,0.35,88935.2162412753,-0.00015826856908281636,119304.55481122922,-0.1457213738439459
2022-03-30,0.0032980851571375535,0.00049,0.0028080851571375535,0.7,0.35,89184.95390194924,-0.007175536261297706,118448.48065204325,-0.14332248671377723
2022-03-31,-0.0038031661149425986,0.0004868341730707299,-0.004290000288013329,0.6954773901010427,0.9659782574146824,88802.35042402342,-0.0014087991766931578,118281.61053002012,-0.1469976334925096
2022-04-01,-0.009352957671757882,0.0003038152198097223,-0.009656772891567605,0.4340217425853176,0.7,87944.80629374123,-0.003082536094447271,117917.00319625196,-0.15523488362184212
2022-04-04,0.007155462381319437,0.0007106496922483209,0.006444812689071116,1.0152138460690299,0.9630118321600216,88511.59409728103,0.007382775533225749,118787.55796240058,-0.1497905306805235
2022-04-05,-0.006996166440552215,0.0004240492680816032,-0.007420215708633818,0.6057846686880046,0.9905708226189746,87854.81897636417,-0.004897124253900024,118205.84053124135,-0.1560992683403971
2022-04-06,-0.0042790012574937366,0.00028660042416671773,-0.0045656016816604545,0.40942917738102536,0.7,87453.7088671037,-0.0033212063153237326,117813.25454716083,-0.15995218294001667
2022-04-07,-0.0020162980004515604,0.00049,-0.0025062980004515603,0.7,0.7,87234.52381143802,0.003823659347391225,118263.73229915668,-0.16205759310419776
2022-04-08,0.003620483236371335,0.0,0.003620483236371335,0.0,0.7,87550.35494253016,0.008345792645299185,119250.7368863846,-0.15902383666698694
2022-04-11,-0.006515121639614218,0.00049,-0.007005121639614218,0.7,0.7,86937.05405656634,-0.005182399613663143,118632.73191361556,-0.16491497698715074
2022-04-12,0.0013089076884448326,0.00049,0.0008189076884448326,0.7,0.7,87008.24747854401,-0.00022170934270726583,118606.42992859942,-0.1642311194413003
2022-04-13,0.0032235963419247615,0.0007349999999999999,0.0024885963419247615,1.0499999999999998,0.35,87224.7758849364,-0.0042238703232587715,118105.45174907634,-0.1621512280624473
2022-04-14,0.0010593713114182722,0.0007349999999999999,0.0003243713114182723,1.0499999999999998,0.7,87253.06909987837,-0.0008401108986599478,118006.23007187078,-0.1618794539575238
2022-04-15,0.0010409199260460965,0.0,0.0010409199260460965,0.0,0.7,87343.89255811312,0.0026024755420062475,118313.33839943718,-0.16100703758071944
2022-04-18,0.0035944974942109464,0.0007349999999999999,0.0028594974942109464,1.0499999999999998,0.35,87593.65220001766,0.005640671591556272,118980.70508624907,-0.158607939307021
2022-04-19,-0.0022746439191407286,0.00049,-0.0027646439191407286,0.7,0.35,87351.48694210754,-0.0019140951947415423,118752.96469037652,-0.16093408875122917
2022-04-20,0.0030747412056682075,0.000245,0.0028297412056682075,0.35,0.7,87598.669044084,-0.003959802184899293,118282.72644133231,-0.15855974936789707
2022-04-21,0.0045897131244848725,0.0007349999999999999,0.0038547131244848726,1.0499999999999998,0.35,87936.33678333565,0.007858258475247423,119212.22267886526,-0.15531623859031563
2022-04-22,-0.00026749474154731385,0.00049,-0.0007574947415473138,0.7,0.35,87869.72547063134,0.00014265962888463749,119229.22945031116,-0.15595608209785383
2022-04-25,-0.004796318319601744,0.0,-0.004796318319601744,0.0,0.35,87448.27429661817,-0.004637042504161489,118676.35844561164,-0.16000438540383644
2022-04-26,0.0,0.000245,-0.000245,0.35,0.0,87426.8494694155,0.0042940782743291495,119185.96401808943,-0.16021018432941248
2022-04-27,0.0,0.0,0.0,0.0,0.0,87426.8494694155,-0.004071740858248019,118700.6696586673,-0.16021018432941248
2022-04-28,0.008928255076235824,0.0006089938810235008,0.008319261195212323,0.8699912586050013,0.8699912586050013,88154.17626562607,-0.0008209608768786255,118603.22105281825,-0.1532237535037697
2022-04-29,-0.0007048314758959246,2.9016700726022577e-05,-0.0007338481766219472,0.04145242960860368,0.9114436882136049,88089.48448411193,-0.009586373344342647,117466.24629596432,-0.15384515870826765
2022-05-02,0.007586046915035027,0.0007173692767071784,0.006868677638327848,1.0248132524388263,0.7,88694.54275635978,0.010821853720373772,118737.44883046062,-0.1480331938713244
2022-05-03,0.0,0.00049,-0.00049,0.7,0.0,88651.08243040915,-0.007698659590725354,117823.32963124373,-0.14845065760632747
2022-05-04,0.0,0.0,0.0,0.0,0.0,88651.08243040915,-0.0021633909642201354,117568.43170454516,-0.14845065760632747
2022-05-05,0.0,0.0,0.0,0.0,0.0,88651.08243040915,-0.0061587890821918805,116844.35253095278,-0.14845065760632747
2022-05-06,0.0006727436605722558,0.000245,0.0004277436605722558,0.35,0.35,88689.00236892162,0.0013267553560083838,116999.37640149254,-0.14808641277345425
2022-05-09,0.0037323388321688243,0.0005195190767819565,0.0032128197553868676,0.7421701096885094,0.9580391799781328,88973.94414781805,-0.001294291891380454,116847.94505731952,-0.14534936797053022
2022-05-10,-0.0007729213521744826,0.000915627425984693,-0.0016885487781591756,1.3080391799781328,0.35,88823.70730313925,-0.000729417029373051,116762.71417634746,-0.14679248725099647
2022-05-11,0.003675761455347903,0.00049,0.003185761455347903,0.7,0.35,89106.67844618669,0.008447292448996743,117749.04297013368,-0.14407437164346748
2022-05-12,0.002498874004994628,0.00049,0.002008874004994628,0.7,0.35,89285.68253618864,-0.0011224645754172775,117616.87384061041,-0.14235492489845347
2022-05-13,0.012936555600875733,0.0009231122163439356,0.012013443384531797,1.3187317376341938,0.9687317376341938,90358.31102838642,-0.013633904313076354,116013.29663706437,-0.13205165434469857
2022-05-16,-0.005930203413795193,0.00018811221634393573,-0.006118315630139128,0.2687317376341939,0.7,89805.47036170849,-0.007033847345201516,115197.27681850566,-0.13736203627407462
2022-05-17,-0.006581623818313348,0.000245,-0.006826623818313348,0.35,0.35,89192.40219872241,-0.01748636979696409,113182.89463645403,-0.14325094114382741
2022-05-18,-0.0011713342338499464,0.0007349999999999999,-0.0019063342338499463,1.0499999999999998,0.7,89022.37166901169,-0.001012347526800202,113068.31421299273,-0.14488419120454354
2022-05-19,0.003809320137844096,0.0008052897310326715,0.0030040304068114244,1.150413901475245,0.9495860985247548,89289.79758039187,0.006857990211580252,113843.7356051053,-0.14231539731357679
2022-05-20,-0.004261572533780395,0.0003152897310326715,-0.0045768622648130666,0.45041390147524507,0.7,88881.13047521339,-0.00315782703869949,113484.23677862494,-0.14624090160672332
2022-05-23,0.0065759265837735835,0.00049,0.0060859265837735835,0.7,0.7,89422.05450996834,0.005368687912011727,114093.4982288222,-0.14104498641367313
2022-05-24,0.0012272245575522924,0.0,0.0012272245575522924,0.0,0.7,89531.79545124974,-0.0012214665115305075,113954.13684155233,-0.1399908557271674
2022-05-25,0.0,0.00049,-0.00049,0.7,0.0,89487.92487147864,-0.0032201777551750244,113587.184264985,-0.14041226020786102
2022-05-26,-0.00017376732552303875,0.000245,-0.00041876732552303877,0.35,0.35,89450.45025251359,0.002567439475845886,113878.8124858171,-0.14077222746670626
2022-05-27,0.0001820996164102473,0.000245,-6.290038358975269e-05,0.35,0.7,89444.82378488043,0.0006907163083814302,113957.47043878015,-0.14082627322318964
2022-05-30,-0.004840657357237837,0.0,-0.004840657357237837,0.0,0.7,89011.8520405593,-0.005410225363466285,113340.93484185581,-0.14498523884485726
2022-05-31,-0.005010175869810756,0.00098,-0.005990175869810756,1.4,0.7,88478.65539233878,-0.003939436600990017,112894.43541474937,-0.15010692763546074
2022-06-01,0.0,0.00049,-0.00049,0.7,0.0,88435.30085119653,-0.005126223628469558,112315.71329240355,-0.1505233752409194
2022-06-02,0.0,0.0,0.0,0.0,0.0,88435.30085119653,-0.00653665218974564,111581.54453916791,-0.1505233752409194
2022-06-03,0.0,0.0,0.0,0.0,0.0,88435.30085119653,0.0005299610534864237,111640.6784120615,-0.1505233752409194
2022-06-06,0.008254723314428702,0.00049,0.007764723314428702,0.7,0.7,89121.97649353433,-0.009884265261650316,110537.1923326461,-0.14392742428759053
2022-06-07,-0.002061032052913817,0.000680667198323676,-0.002741699251237493,0.9723817118909657,0.9723817118909658,88877.6308373132,0.007581676118514495,111375.24952396216,-0.14627451782742606
2022-06-08,0.0019403531444557418,0.0007152255550851549,0.001225127589370587,1.0217507929787928,0.7,88986.5172749299,-0.00018510116590845596,111354.63383542192,-0.1452285951854677
2022-06-09,-0.0022800233032163383,0.0007349999999999999,-0.0030150233032163382,1.0499999999999998,0.35,88718.22085167392,0.0027320027127419135,111658.85499713667,-0.14780575088990655
2022-06-10,-0.0013825816604240426,0.000245,-0.0016275816604240426,0.35,0.7,88573.82470247029,0.0018934032788045692,111870.27023929582,-0.14919276662087688
2022-06-13,0.00014970408486048026,0.000245,-9.529591513951973e-05,0.35,0.35,88565.38397878785,0.002032515797940689,112097.64833087707,-0.14927384507478914
2022-06-14,-0.006027689365566923,0.0007349999999999999,-0.006762689365566923,1.0499999999999998,0.7,87966.44379839716,-0.0020775166474495954,111864.76360032974,-0.15502704179571147
2022-06-15,-0.004101528818941003,0.0007349999999999999,-0.004836528818941002,1.0499999999999998,0.35,87540.99155786645,0.0037231817190194563,112281.25644316892,-0.15911377785929237
2022-06-16,-0.004826125904017792,0.0007349999999999999,-0.005561125904017791,1.0499999999999998,0.7,87054.16508205059,0.004234106128555237,112756.66719919682,-0.16379005201157082
2022-06-17,-0.007000409376058603,0.0007349999999999999,-0.007735409376058602,1.0499999999999998,0.35,86380.76547724994,0.00657693062143309,113498.25997646996,-0.17025847828359397
2022-06-20,0.0018921164449695936,0.00049,0.0014021164449695936,0.7,0.35,86501.88136905465,-0.0017537442779195223,113299.2130524824,-0.16909508405092133
2022-06-21,0.0030726734753655505,0.00049,0.0025826734753655505,0.7,0.35,86725.28748363572,-0.00420071778465451,112823.2750332255,-0.1669491279639489
2022-06-22,-0.0056662853572361,0.000245,-0.005911285357236101,0.35,0.7,86212.62956163162,0.0033472714049351446,113200.92515555533,-0.17187352938564826
2022-06-23,-0.000562440661622432,0.000245,-0.000807440661622432,0.35,0.35,86143.01797897817,0.0007342686260347989,113284.04504333515,-0.1725421923709881
2022-06-24,-0.0011930378439355292,0.000245,-0.0014380378439355292,0.35,0.7,86019.14105913359,0.007612194442287039,114146.38522141383,-0.1737321080126185
2022-06-27,0.0,0.00049,-0.00049,0.7,0.0,85976.99168001462,0.0034864960368587252,114544.35614111005,-0.1741369792796923
2022-06-28,-0.0016293071652855981,0.00049,-0.002119307165285598,0.7,0.7,85794.78002549746,-0.0010933883440047791,114419.11467723383,-0.1758872366970493
2022-06-29,-0.0041179090066987434,0.0006514192567776905,-0.004769328263476434,0.9305989382538435,0.9305989382538435,85385.59655626312,-0.00391498044740779,113971.16608046273,-0.17981770099136163
2022-06-30,0.002411708812212221,0.00044387035747451176,0.0019678384547377093,0.634100510677874,0.35,85553.62161664724,0.0007796262185213454,114060.02098969452,-0.1782037147234773
2022-07-01,-0.004957640984152969,0.0008957961947880412,-0.005853437178941011,1.2797088496972018,0.9297088496972019,85052.83886708331,0.005329882063428881,114667.94744972182,-0.1830140476532306
2022-07-04,-0.0002335493363588093,5.087483227537615e-06,-0.0002386368195863469,0.0072678331821965925,0.922792669508292,85032.54212811928,0.0009024203102870887,114771.42613443936,-0.18320901058254524
2022-07-05,-0.00217358581589262,0.0008909548686558043,-0.003064540684548424,1.2727926695082918,0.35,84771.95644325708,-0.002102126293888914,114530.16210177503,-0.18571209980038772
2022-07-06,-0.001790582564588583,0.00049,-0.002280582564588583,0.7,0.35,84578.62699742652,0.0003540398824384283,114570.71034690118,-0.1875691505881384
2022-07-07,-0.0012821167964816669,0.00033934753067811326,-0.0016214643271597801,0.484782186683019,0.834782186683019,84441.48577091005,0.005696342572710862,115223.34436183595,-0.18888647822874371
2022-07-08,-0.0030623763918545487,0.00033934753067811326,-0.003401723922532662,0.484782186683019,0.35,84154.23914870893,0.0028025525221840133,115546.26383619169,-0.19164566249964288
2022-07-11,-0.0012643133188617692,0.00040414097914718715,-0.0016684542980089563,0.5773442559245531,0.927344255924553,84013.8316467056,0.008378803801984525,116514.40331092749,-0.1929943647683594
2022-07-12,0.0,0.0006491409791471871,-0.0006491409791471871,0.927344255924553,0.0,83959.29482576855,-0.012508903607268862,115056.93587105263,-0.193518225196591
2022-07-13,0.0,0.0,0.0,0.0,0.0,83959.29482576855,0.009721742685274112,116175.48979574708,-0.193518225196591
2022-07-14,-0.006567272869697332,0.00049,-0.007057272869697332,0.7,0.7,83366.77117223573,-0.007455962737824747,115309.28967278145,-0.1992097871458165
2022-07-15,-0.005223264861482424,0.0007349999999999999,-0.005958264861482423,1.0499999999999998,0.35,82870.04986894495,0.0003110717592292496,115345.15913637541,-0.20398110733248465
2022-07-18,-0.0012269492193254681,0.000245,-0.0014719492193254681,0.35,0.7,82748.06936373489,0.0005216646195135658,115405.33062492903,-0.20515280672011493
2022-07-19,0.003530061045721877,0.0007349999999999999,0.002795061045721877,1.0499999999999998,0.35,82979.35526902215,0.003488791116887935,115807.9557172548,-0.20293116029287706
2022-07-20,0.006339308103155105,0.0007349999999999999,0.005604308103155106,1.0499999999999998,0.7,83444.39714215093,-0.012633854243729092,114344.85488445876,-0.19846414093573383
2022-07-21,0.0,0.00049,-0.00049,0.7,0.0,83403.50938755128,0.010966265897796146,115598.79096716663,-0.19885689350667524
2022-07-22,-0.00307413375885921,0.00049,-0.00356413375885921,0.7,0.7,83106.24812413577,-0.0010727143716089405,115474.78648275553,-0.20171227469820552
2022-07-25,-0.0005862803158796278,0.00049,-0.0010762803158796278,0.7,0.7,83016.80250515316,-0.0016106732541668982,115288.79433263712,-0.20257145606335614
2022-07-26,0.0,0.00049,-0.00049,0.7,0.0,82976.12427192564,-0.0022747104982759523,115026.5457018351,-0.20296219604988508
2022-07-27,-0.0019156602269115976,0.00049,-0.0024056602269115976,0.7,0.7,82776.5119099814,0.0014614000512514675,115194.64550161904,-0.20487959819419277
2022-07-28,0.0,0.00049,-0.00049,0.7,0.0,82735.95141914551,0.016156858654301647,117055.8291067211,-0.20526920719107766
2022-07-29,0.0,0.0,0.0,0.0,0.0,82735.95141914551,-0.0033305763211612196,116665.96573404438,-0.20526920719107766
2022-08-01,-0.003701304160056362,0.00049,-0.004191304160056362,0.7,0.7,82389.17988177622,0.006247309140278452,117394.81408813408,-0.20860016566910267
2022-08-02,-0.013908030158840234,0.00020357230505715985,-0.014111602463897394,0.2908175786530855,0.9540601237645673,81226.53652795806,-0.010684947401373565,116140.45667440833,-0.21976808552117455
2022-08-03,0.0032959099790055013,0.000912842086635197,0.0023830678923703044,1.3040601237645673,0.35,81420.10487916626,-0.0033315571277902447,115753.5281081499,-0.21790873989717752
2022-08-04,0.005625562824409496,0.00049,0.005135562824409496,0.7,0.35,81838.24294294322,-0.011077342494916912,114471.28663230092,-0.21389226109649795
2022-08-05,-0.0004592740821301233,0.00049,-0.0009492740821301233,0.7,0.35,81760.55601999043,0.0018703797526326376,114685.3914090758,-0.21463849279880087
2022-08-08,0.0,0.000245,-0.000245,0.35,0.0,81740.52468376553,0.0007798950414496334,114774.83397716246,-0.21483090636806523
2022-08-09,0.010239554695843613,0.0006734437095237918,0.009566110986319822,0.9620624421768456,0.9620624421768456,82522.46361497045,6.0257416002758767e-05,114781.75001208007,-0.20731989167535403
2022-08-10,0.0009132085658057121,0.0007965562904762079,0.00011665227532950417,1.137937557823154,0.7,82532.09004811692,-0.0015151769191795728,114607.83535371872,-0.20722742373710956
2022-08-11,0.0,0.00049,-0.00049,0.7,0.0,82491.64932399335,0.0016815246083377404,114800.55124917431,-0.20761588229947836
2022-08-12,0.0,0.0,0.0,0.0,0.0,82491.64932399335,0.0028770841090758705,115130.8420908865,-0.20761588229947836
2022-08-15,0.0,0.0,0.0,0.0,0.0,82491.64932399335,0.0006938363606988999,115210.72405536703,-0.20761588229947836
2022-08-16,0.0,0.0,0.0,0.0,0.0,82491.64932399335,0.0009152854454557898,115316.17475425533,-0.20761588229947836
2022-08-17,0.0014657388770733526,0.00049,0.0009757388770733526,0.7,0.7,82572.13963327266,-0.003424208047385339,114921.30818066813,-0.20684272231026257
2022-08-18,0.0,0.00049,-0.00049,0.7,0.0,82531.67928485236,-0.01046876888260695,113718.22356563786,-0.20723136937633047
2022-08-19,0.0,0.0,0.0,0.0,0.0,82531.67928485236,-0.0013714278233756632,113562.26722981509,-0.20723136937633047
2022-08-22,-0.004015359045376054,0.00049,-0.004505359045376054,0.7,0.7,82159.84443705628,0.009019463920267054,114586.53800179812,-0.21080307669720122
2022-08-23,0.002175676962389139,0.0007349999999999999,0.001440676962389139,1.0499999999999998,0.35,82278.21023217021,0.003453208153323062,114982.22916908698,-0.2096660988710105
2022-08-24,-0.005523478032303375,0.0007349999999999999,-0.006258478032303375,1.0499999999999998,0.7,81763.27386089493,0.003710323655333007,115408.85045391598,-0.21461238622941103
2022-08-25,0.0,0.00049,-0.00049,0.7,0.0,81723.20985670309,0.0015470947022112602,115587.39887504154,-0.2149972261601586
2022-08-26,-0.0012575869966451768,0.000245,-0.0015025869966451767,0.35,0.35,81600.41362424831,0.00819267480823623,116534.36884595465,-0.2161767611204607
2022-08-29,0.0,0.000245,-0.000245,0.35,0.0,81580.42152291036,0.002937648959713416,116876.70591336583,-0.21636879781398632
2022-08-30,0.0017171414305890253,0.000245,0.0014721414305890253,0.35,0.35,81700.51944135914,0.002337853609803727,117149.94654218736,-0.21521518185494604
2022-08-31,0.004356093560745289,0.00049,0.003866093560745289,0.7,0.35,82016.38129348092,0.0033883685159314947,117546.89373269396,-0.21218113032294483
2022-09-01,0.0032309290786684763,0.00049,0.0027409290786684763,0.7,0.35,82241.18237789538,0.00026925138455102804,117578.54339658115,-0.21002177467432326
2022-09-02,-0.006088930415502447,0.00049,-0.006578930415502447,0.7,0.35,81700.12336174258,0.005958298224140439,118279.11142289802,-0.2152189864485029
2022-09-05,0.008768369212406651,0.0007349999999999999,0.008033369212406652,1.0499999999999998,0.7,82356.45061740662,0.005812099046287396,118966.56133359476,-0.20891455081575705
2022-09-06,-0.007584288438915373,0.00023126521964822664,-0.007815553658563599,0.33037888521175235,0.9941545690235313,81712.78935847743,-0.0017718848104603853,118755.76629061507,-0.2150973215923655
2022-09-07,-0.0002258641245180713,0.0007487347803517732,-0.0009745989048698445,1.0696211147882475,0.7,81633.1521634548,0.005929705532047007,119459.95301495101,-0.21586228688317088
2022-09-08,0.0008989822974222572,0.000245,0.0006539822974222572,0.35,0.35,81686.53879985248,-0.001063189277834405,119332.9444737749,-0.21534947470005128
2022-09-09,0.0,0.000245,-0.000245,0.35,0.0,81666.52559784651,-0.0034130844140742855,118925.65106090588,-0.21554171407874978
2022-09-12,-0.003974023000267618,0.000245,-0.004219023000267618,0.35,0.35,81321.97264799726,0.005368533273808225,119564.10737573566,-0.218851361629802
2022-09-13,-0.0033768153266204026,0.000245,-0.0036218153266204026,0.35,0.7,81027.43948106973,-0.0024398789365787468,119272.38542857877,-0.22168053774062002
2022-09-14,-0.004865094482577614,0.0007349999999999999,-0.005600094482577613,1.0499999999999998,0.35,80573.67816429441,0.0007106705426032089,119357.14879944887,-0.22603920026690139
2022-09-15,-0.0024359378989131874,0.00049,-0.0029259378989131874,0.7,0.35,80337.92458569867,-0.005639258275930888,118684.06301029006,-0.2283037615031136
2022-09-16,0.0,0.000245,-0.000245,0.35,0.0,80318.24179417516,0.009826470772646386,119850.3084866396,-0.2284928270815454
2022-09-19,0.004082238842530771,0.00049,0.003592238842530771,0.7,0.7,80606.76410211198,-0.0042309692573616236,119343.22551594731,-0.22572138904769667
2022-09-20,0.0,0.00049,-0.00049,0.7,0.0,80567.26678770194,-0.0009092977573709563,119234.70698862826,-0.22610078556706326
2022-09-21,0.0028378809285211416,0.00049,0.0023478809285211416,0.7,0.7,80756.42913685586,0.008197869007302646,120212.17749764514,-0.22428376236089875
2022-09-22,-0.0044994793059192845,0.000245,-0.004744479305919284,0.35,0.35,80373.28192999611,0.0011760516481070054,120353.55322711378,-0.22796413199764298
2022-09-23,0.0018283906840722117,0.000245,0.0015833906840722117,0.35,0.7,80500.54423585237,0.006364094465510339,121119.49460911096,-0.22674169759647855
2022-09-26,0.0,0.00049,-0.00049,0.7,0.0,80461.09896917682,0.0037706964593193413,121576.19945858809,-0.22712059416465613
2022-09-27,-0.0025325028571278716,0.000245,-0.0027775028571278716,0.35,0.35,80237.61803690228,0.003785777778445132,122036.45993288624,-0.2292672689225791
2022-09-28,-0.006568435193008081,0.000245,-0.006813435193008081,0.35,0.7,79690.92422636651,0.010315674205052083,123295.34829469178,-0.23451860643690525
2022-09-29,0.005883387946308127,0.00098,0.004903387946308127,1.4,0.7,80081.67974364823,0.0015853257089234092,123490.811580134,-0.2307651541985848
2022-09-30,0.0039156835355434625,0.0007349999999999999,0.0031806835355434626,1.0499999999999998,0.35,80336.39422390751,-0.006681402348334549,122665.71978164476,-0.22831846158957791
2022-10-03,0.0,0.000245,-0.000245,0.35,0.0,80316.71180732264,-0.002450426361918353,122365.13646818812,-0.22850752356648862
2022-10-04,-0.002418476054507945,0.00049,-0.002908476054507945,0.7,0.7,80083.11257425424,0.0014937343712727962,122547.91747837614,-0.2307513909604284
2022-10-05,0.0006197325287990662,0.000245,0.0003747325287990662,0.35,0.35,80113.12232154328,0.002653682241936406,122873.12071077479,-0.23046312848388795
2022-10-06,-0.0011346340334889237,0.0007349999999999999,-0.0018696340334889237,1.0499999999999998,0.7,79963.34010152187,0.0054548521700841235,123543.37541992897,-0.23190188080889895
2022-10-07,-0.004403444709063731,0.000245,-0.004648444709063731,0.35,0.35,79591.63493630788,0.007057850444644798,124415.32608706945,-0.2354723424470947
2022-10-10,-4.9116783032069396e-05,0.0002368838952191582,-0.0002860006782512276,0.33840556459879745,0.6884055645987974,79568.87167473296,-0.0014022414049669936,124240.86576541768,-0.2356909978756968
2022-10-11,-0.008663010827061956,8.11610478084177e-06,-0.008671126931842797,0.01159443540120253,0.7,78878.91988861785,0.004961909613855305,124857.33771169283,-0.2423184182482666
2022-10-12,-0.003870450003185799,0.0007349999999999999,-0.0046054500031857985,1.0499999999999998,0.35,78515.64696676552,0.0009783775965425123,124979.49533367387,-0.24580788289135902
2022-10-13,-0.013342163691981407,0.000245,-0.013587163691981407,0.35,0.7,77448.84201904625,-0.0009239384037338002,124864.02197825581,-0.2560552146417161
2022-10-14,0.0,0.00049,-0.00049,0.7,0.0,77410.89208645692,0.008872428168898994,125971.86904413771,-0.2564197475865416
2022-10-17,0.0,0.0,0.0,0.0,0.0,77410.89208645692,0.010226792693679728,127260.15723408746,-0.2564197475865416
2022-10-18,0.0050446078052872306,0.0006521899797984339,0.004392417825488796,0.9316999711406198,0.9316999711406198,77750.91306874447,-0.009653852631707297,126031.60643026167,-0.2531536324311593
2022-10-19,0.0069220313128475095,0.0008971899797984337,0.006024841333049076,1.2816999711406196,0.35,78219.34998348335,0.010884038185323094,127403.33924720624,-0.24865400156639295
2022-10-20,0.0,0.000245,-0.000245,0.35,0.0,78200.18624273739,0.0066240670422506405,128247.26750778632,-0.24883808133600926
2022-10-21,0.00025849492238365075,0.000245,1.3494922383650758e-05,0.35,0.35,78201.24154818112,0.003706140719716052,128722.56992808926,-0.2488279444642193
2022-10-24,-0.0013401686570822134,0.0007349999999999999,-0.0020751686570822134,1.0499999999999998,0.7,78038.96078277542,-0.0023803238939891593,128416.16851919376,-0.2503867531699432
2022-10-25,-0.0011545560829268608,0.0007349999999999999,-0.0018895560829268608,1.0499999999999998,0.35,77891.50178972304,0.002882566866426924,128786.33671168068,-0.2518031894403334
2022-10-26,0.0027860085511148044,0.0007349999999999999,0.0020510085511148044,1.0499999999999998,0.7,78051.25792595293,0.004675645417486329,129388.4959567615,-0.25026863138395883
2022-10-27,-0.0013306407174461465,0.00049,-0.0018206407174461464,0.7,0.7,77909.15462772505,0.0034021066287625024,129828.68941654162,-0.2516336228408078
2022-10-28,-0.0023832175793380233,0.00022601908930837682,-0.0026092366686464,0.3228844132976812,0.9026123466112468,77705.87120464715,0.0027044287728079652,130179.80185973566,-0.25358628783367365
2022-10-31,0.005168978750547909,0.00034817135737212715,0.004820807393175782,0.49738765338875307,0.7,78080.47624304367,-0.00426457281536019,129624.64061561564,-0.24998797109169446
2022-11-01,-0.005239785469035343,0.0007526679999681863,-0.00599245346900353,1.0752399999545519,0.872003269845525,77612.58262231959,-0.003920570640479977,129116.4380553353,-0.2544823832761205
2022-11-02,0.0,0.0006104022888918675,-0.0006104022888918675,0.872003269845525,0.0,77565.20772424011,-0.0046319221426737904,128518.38076692361,-0.25493744893577797
2022-11-03,0.0,0.0,0.0,0.0,0.0,77565.20772424011,0.005886535640632055,129274.90879578445,-0.25493744893577797
2022-11-04,-0.0032934124894187064,0.00049,-0.0037834124894187064,0.7,0.7,77271.74654859187,0.004801929253182495,129895.67776203342,-0.25775632789687253
2022-11-07,-0.0010904358919548328,0.000245,-0.0013354358919548327,0.35,0.35,77168.55508481684,-0.0030041926956152487,129505.4461157087,-0.25874754673717537
2022-11-08,0.004103472621067657,0.0008874488097434676,0.0032160238113241894,1.2677840139192393,0.9177840139192395,77416.73099545509,0.009766421708695202,130770.25091604744,-0.2563636611972797
2022-11-09,-0.0032475746324826527,0.0005020911856590749,-0.0037496658181417277,0.717273122370107,0.35,77126.44412548916,-0.008955184467964838,129599.17919617219,-0.25915204895801636
2022-11-10,0.0,0.000245,-0.000245,0.35,0.0,77107.54814667841,0.0002592936363210822,129632.78343861017,-0.25933355670602165
2022-11-11,-0.0076354784237095625,0.00049,-0.008125478423709562,0.7,0.7,76481.01242790742,0.011061233370691056,131066.68190871688,-0.2653518259101726
2022-11-14,-0.002745913047666859,0.000245,-0.002990913047666859,0.35,0.35,76252.26436993803,0.006559257789532813,131926.38206297488,-0.2675490947195025
2022-11-15,0.0,0.000245,-0.000245,0.35,0.0,76233.5825651674,0.006487219640812151,132782.21747983506,-0.2677285451912962
2022-11-16,-0.003803674851884675,0.000245,-0.004048674851884675,0.35,0.35,75924.93757656672,0.008171045494732502,133867.1870197543,-0.27069327421513323
2022-11-17,0.0,0.000245,-0.000245,0.35,0.0,75906.33596686047,0.0009380127136729236,133992.75614312245,-0.27087195436295053
2022-11-18,0.003513241338738482,0.00049,0.003023241338738482,0.7,0.7,76135.81913962765,0.003803985475587431,134502.46264132482,-0.2686676243141469
2022-11-21,-0.003509629946396808,0.0007349999999999999,-0.004244629946396808,1.0499999999999998,0.35,75812.65076171413,-0.005447720501330244,133769.73081811427,-0.27177185961675265
2022-11-22,0.0,0.000245,-0.000245,0.35,0.0,75794.07666227751,0.002822413513343854,134147.2843140517,-0.2719502755111466
2022-11-23,0.005055967837799219,0.00049,0.004565967837799219,0.7,0.7,76140.14997861316,-0.003559879592525387,133669.7361342294,-0.26862602388481194
2022-11-24,0.003617676514598122,0.00049,0.003127676514598122,0.7,0.7,76378.29173751925,-0.0067707834201026955,132764.6873010423,-0.2663385226763282
2022-11-25,-0.0010860326650579122,0.00049,-0.0015760326650579122,0.7,0.7,76257.9170548396,0.005022140327926546,133431.4501912614,-0.2674947971296848
2022-11-28,0.0,0.00049,-0.00049,0.7,0.0,76220.55067548274,0.005147764344161199,134118.3238529457,-0.2678537246790913
2022-11-29,0.00303484154741066,0.000245,0.00278984154741066,0.35,0.35,76433.19393452372,0.012259191986175791,135762.50613392307,-0.26581115258141896
2022-11-30,-0.0034214774443154204,0.0009285414173939327,-0.004350018861709353,1.3264877391341896,0.9764877391341897,76100.70809924784,0.0008621197621748363,135879.5496734235,-0.2690048879157465
2022-12-01,0.010805055656178113,6.906514118179741e-06,0.010798149142059933,0.009866448740256772,0.9666212903939329,76922.4548951199,0.00752663957226037,136902.2660690564,-0.26111149367334396
2022-12-02,-0.0010913998017867297,0.0005401986471439817,-0.0016315984489307113,0.771712353062831,0.35,76796.94833702507,-0.004255949650078287,136319.6169176849,-0.2623170630141993
2022-12-05,-0.005008884852979789,0.00049,-0.005498884852979789,0.7,0.35,76374.65076105954,0.008025994862945862,137413.71746278496,-0.26637349654269205
2022-12-06,0.002329418260442634,0.000245,0.002084418260442634,0.35,0.7,76533.84747774083,-0.004546864535690569,136788.91590413603,-0.2648443120625409
2022-12-07,-0.005531440511036872,0.000245,-0.0057764405110368715,0.35,0.35,76091.75426070488,-0.007959700426855712,135700.11711182474,-0.2690908951602621
2022-12-08,-0.0035623649458893123,0.0007349999999999999,-0.004297364945889312,1.0499999999999998,0.7,75764.76022327371,-0.007363498874606818,134700.8894521878,-0.2722318783260317
2022-12-09,0.0001393694860145178,0.000245,-0.00010563051398548219,0.35,0.35,75756.75715270934,0.00810866351385949,135793.13363977318,-0.27230875284678635
2022-12-12,0.0,0.000245,-0.000245,0.35,0.0,75738.19674720692,-0.0008598051584984834,135676.37800298102,-0.2724870372023389
2022-12-13,-0.002214974667391156,0.000245,-0.002459974667391156,0.35,0.35,75551.8827018549,-0.00013028501462101585,135658.70140408917,-0.27427670066101983
2022-12-14,0.002205073306220891,0.00041909127424199014,0.001785982031978901,0.5987018203457002,0.9487018203457002,75686.81700684261,-0.005843563560306464,134865.97115992577,-0.2729805718882118
2022-12-15,-0.0012680847194496692,0.0006640912742419902,-0.0019321759936916593,0.9487018203457003,0.7,75540.57675598306,0.0024318145088059553,135193.9401853367,-0.27438530137415684
2022-12-16,0.0,0.00049,-0.00049,0.7,0.0,75503.56187337263,0.011974957449106741,136812.8818664332,-0.2747408525764835
2022-12-19,0.001349096243666248,0.000245,0.001104096243666248,0.35,0.35,75586.92507242043,-0.0009522255349489658,136682.60514681,-0.27394009667612873
2022-12-20,0.002166699447913367,0.0,0.002166699447913367,0.0,0.35,75750.6992212443,-0.0033656331862990476,136222.5816349381,-0.272366943084445
2022-12-21,-3.6707840615257666e-05,0.00049,-0.0005267078406152577,0.7,0.35,75710.80073403238,0.00733986595095885,137222.43712363212,-0.2727501931206132
2022-12-22,-0.0048510475329627155,0.000245,-0.005096047532962715,0.35,0.7,75324.97489473308,0.007732964442134745,138283.57335057223,-0.27645629270480854
2022-12-23,-0.003282341132807409,0.000245,-0.003527341132807409,0.35,0.35,75059.27801245921,-0.0006851492787778671,138188.82846002426,-0.2790084781849348
2022-12-26,-0.0047361772356126035,0.0007349999999999999,-0.005471177235612603,1.0499999999999998,0.7,74648.61539927592,0.010937947459728203,139700.33060524138,-0.2829531505861591
2022-12-27,0.004644966127681815,0.0007810538847612847,0.0038639122429205306,1.1157912639446925,0.9421978770043475,74937.05109823424,0.0015570810844083294,139917.8553475124,-0.28018254448596147
2022-12-28,-0.007822354760881955,0.0006889461152387152,-0.00851130087612067,0.9842087360553075,0.7,74299.23930956794,-0.005458761128132632,139154.07719760973,-0.286309127425725
2022-12-29,-0.007988296852664528,0.000245,-0.008233296852664529,0.35,0.35,73687.51161640511,-0.007032185569454323,138175.51990400997,-0.2921851562406662
2022-12-30,-0.001777303263462537,0.000245,-0.002022303263462537,0.35,0.7,73538.49312118682,-0.0020061348258965106,137898.32118144416,-0.29361657250912787
2023-01-02,0.0,0.00049,-0.00049,0.7,0.0,73502.45925955744,-0.0006228213483100431,137812.43516311626,-0.2939627003885985
2023-01-03,8.949343863308145e-05,0.000245,-0.00015550656136691852,0.35,0.35,73491.02914486598,0.0065493200376081084,138715.0129061616,-0.29407249382125766
2023-01-04,-0.006172208000493229,0.00049,-0.006662208000493229,0.7,0.35,73001.41662253258,0.009766648699822614,140069.79370660745,-0.29877552970069
2023-01-05,-0.0013820033750165993,0.00049,-0.0018720033750165993,0.7,0.35,72864.75772423421,-0.0021826240686018497,139764.07400357933,-0.30008822427573445
2023-01-06,-0.0027638976192519093,0.0,-0.0027638976192519093,0.0,0.35,72663.36699383284,-0.0038247176668525507,139229.51588054656,-0.30202270876634507
2023-01-09,-0.004949569745212889,0.0,-0.004949569745212889,0.0,0.35,72303.71459097485,0.000543452250298985,139305.18047425986,-0.3054773960498809
2023-01-10,0.0,0.000245,-0.000245,0.35,0.0,72286.00018090007,0.005189436594073449,140028.095875557,-0.3056475540878486
2023-01-11,0.0006500427877807635,0.000245,0.00040504278778076346,0.35,0.35,72315.27910393086,-0.0037776743960934445,139499.11532303417,-0.30536631163745387
2023-01-12,0.004041864473885171,0.00049,0.0035518644738851708,0.7,0.35,72572.13317469921,0.006025342572887708,140339.64528147024,-0.3028990669173952
2023-01-13,0.0,0.000245,-0.000245,0.35,0.0,72554.35300207141,0.0006459979578830785,140430.30440573208,-0.3030698566460004
2023-01-16,0.0026790865755204727,0.000245,0.0024340865755204727,0.35,0.35,72730.95657870933,0.005513321704780065,141204.54185102106,-0.3013734683399868
2023-01-17,-0.0044168270123954466,0.0,-0.0044168270123954466,0.0,0.35,72409.71652505512,-0.004584219274057204,140557.2292686832,-0.30445918087659896
2023-01-18,-0.001761838069540189,0.00049,-0.002251838069540189,0.7,0.35,72246.6615687794,0.00518029914535223,141285.35776333685,-0.3060254261720201
2023-01-19,0.0,0.000245,-0.000245,0.35,0.0,72228.96113669504,-0.001179311339212637,141118.73833886185,-0.30619544994260806
2023-01-20,-0.006980287732173628,0.000245,-0.007225287732173628,0.35,0.35,71707.08610988643,0.007655786264369653,142199.11323748168,-0.311208387446664
2023-01-23,-0.002502641120249793,0.000245,-0.002747641120249793,0.35,0.7,71510.0607714776,-0.0030295328281461456,141768.31635579545,-0.31310093960459884
2023-01-24,-0.0022738546229929043,0.000245,-0.0025188546229929043,0.35,0.35,71329.93732431285,-0.0009166253172532649,141638.36792783937,-0.31483113847840527
2023-01-25,0.0005582669261210869,0.000245,0.0003132669261210869,0.35,0.7,71352.28263451885,2.4640882061444103e-06,141638.71693727133,-0.31461649773528255
2023-01-26,0.0027797245686886018,0.000245,0.0025347245686886018,0.35,0.35,71533.14101834458,0.007883053920284174,142755.26258008767,-0.31287923933311823
2023-01-27,0.0,0.000245,-0.000245,0.35,0.0,71515.61539879508,0.007090129325756515,143767.41585371285,-0.31304758391948173
2023-01-30,0.014254811202013998,0.0006808518222118246,0.013573959379802174,0.9726454603026065,0.9726454603026065,72486.36545723988,-0.01451109601428465,141681.193078534,-0.3037229197277478
2023-01-31,-0.0012711119693978423,0.0009258518222118244,-0.002196963791609667,1.3226454603026063,0.35,72327.11553694493,-0.004693852680629311,141016.1624306076,-0.30525261526203373
2023-02-01,-0.0019974598724950277,0.0007349999999999999,-0.0027324598724950276,1.0499999999999998,0.7,72129.48459604691,-0.011207348111298235,139435.74520892842,-0.30715098461235113
2023-02-02,0.0020271854366048837,0.000245,0.0017821854366048837,0.35,0.35,72258.03271304381,0.0035658265732504044,139932.9488944554,-0.3059161991873611
2023-02-03,0.0055106069640657,0.0,0.0055106069640657,0.0,0.35,72656.218331322,0.0027852041743757403,140322.6907278489,-0.3020913761609578
2023-02-06,-0.0045464936167564415,0.00049,-0.0050364936167564415,0.7,0.35,72290.28575147863,0.005821472024480097,141139.57534632084,-0.30560638849000243
2023-02-07,-0.0003383655986633149,0.00049,-0.0008283655986633148,0.7,0.35,72230.40296564456,-0.004740299247332473,140470.53152353785,-0.306181600269709
2023-02-08,0.0,0.000245,-0.000245,0.35,0.0,72212.70651691798,0.010849795917760438,141994.60812302757,-0.30635158577764277
2023-02-09,0.0022477099828586643,0.00049,0.0017577099828586643,0.7,0.7,72339.63551205202,0.0013346310890609188,142184.11854150757,-0.3051323530353701
2023-02-10,-0.0032787438266737522,0.0007349999999999999,-0.004013743826673752,1.0499999999999998,0.35,72049.28274659169,-0.008054848578607091,141038.84699637303,-0.30792137376372963
2023-02-13,0.0,0.000245,-0.000245,0.35,0.0,72031.63067231877,-0.004513083946454222,140402.32684016728,-0.3080909330271575
2023-02-14,0.0061687971631193324,0.000245,0.005923797163119332,0.35,0.35,72458.33144175031,0.008450498643734336,141588.79651270728,-0.30399220405908733
2023-02-15,-0.003581489074297844,0.000245,-0.003826489074297844,0.35,0.7,72181.0704281466,-0.0032514089850185224,141128.43342754792,-0.30665547028588136
2023-02-16,0.006821250623594863,0.0006713728828377882,0.006149877740757075,0.9591041183396974,0.9591041183396974,72624.97518647669,0.007605070888373626,142201.72516812955,-0.3023914861959167
2023-02-17,-0.0011936093448115302,0.00045545840194689114,-0.0016490677467584213,0.6506548599241302,0.35,72505.21168228753,0.0004634087661052148,142267.62269412776,-0.30354188989589526
2023-02-20,-0.0009293752586911397,0.0,-0.0009293752586911397,0.0,0.35,72437.82713242384,0.00844396046920115,143468.92487620423,-0.30418916083214076
2023-02-21,0.0036156020668812847,0.0,0.0036156020668812847,0.0,0.35,72699.73348992424,0.004787040270240424,144155.71639711468,-0.3016733857238869
2023-02-22,-0.0006934313643935041,0.00049,-0.001183431364393504,0.7,0.35,72613.6983451292,-0.002135729060020316,143847.83884443733,-0.30249980734181214
2023-02-23,-0.007419785705886427,0.0,-0.007419785705886427,0.0,0.35,72074.92026409646,0.004656039142300987,144517.60001263244,-0.3076751093011504
2023-02-24,0.007636716289694012,0.00049,0.007146716289694012,0.7,0.35,72590.01927082629,0.00420932101527501,145125.92098344272,-0.3027272597270322
2023-02-27,-0.0018437654444220075,0.00049,-0.0023337654444220077,0.7,0.35,72420.61119224211,0.003432691197852167,145624.09345498274,-0.3043545307536186
2023-02-28,-0.0003728583836289489,0.00049,-0.0008628583836289489,0.7,0.35,72358.12246072735,-0.005465378614548951,144828.2026488508,-0.3049547742787915
2023-03-01,0.0034028088218613856,0.000245,0.0031578088218613856,0.35,0.7,72586.61557816716,-0.001785393088170939,144569.62737686935,-0.3027599543334164
2023-03-02,0.003421180143462543,0.000245,0.003176180143462543,0.35,0.35,72817.16374524767,0.012771594773124765,146416.01207422838,-0.3005453943451434
2023-03-03,-0.0063841351945800925,0.0,-0.0063841351945800925,0.0,0.35,72352.28912741212,-0.009274339239267312,145058.1003081913,-0.30501080711011574
2023-03-06,-0.003191725815551044,0.0007349999999999999,-0.003926725815551044,1.0499999999999998,0.7,72068.1815258813,-0.00260132828713285,144680.75656858186,-0.3077398391153654
2023-03-07,-0.0006184372865666752,0.00098,-0.0015984372865666752,1.4,0.7,71952.98505735528,0.007334419592089432,145741.90594415678,-0.30884637356852807
2023-03-08,0.004035173896382504,0.00049,0.0035451738963825042,0.7,0.7,72208.07090174741,-0.0031949024059370057,145276.27477820998,-0.3063961137737131
2023-03-09,-0.012137797183338187,0.0002497208917220925,-0.01238751807506028,0.3567441310315607,0.9746794562945941,71313.59211828678,0.011459836661341982,146941.11715793647,-0.31498814445127343
2023-03-10,0.0005117478017299115,0.0002497208917220925,0.00026202691000781905,0.3567441310315607,0.7,71332.27819847107,0.0038790520035077622,147511.10939284562,-0.31480865291144533
2023-03-13,3.064576841738109e-06,0.0007349999999999999,-0.0007319354231582618,1.0499999999999998,0.35,71280.06757724304,-0.006977152387740178,146481.90190372712,-0.31531016873002093
2023-03-14,0.0023806503535000467,0.00049,0.0018906503535000467,0.7,0.35,71414.83326220546,-0.00031250555063466745,146436.1254963147,-0.31401565965849254
2023-03-15,0.0,0.000245,-0.000245,0.35,0.0,71397.33662805622,-0.0028985403408188226,146011.67447921043,-0.31418372582187615
2023-03-16,0.0020206674309454498,0.000245,0.0017756674309454498,0.35,0.35,71524.1145533629,0.0002751736910203695,146051.85305060894,-0.31296594420020574
2023-03-17,0.006218073348063779,0.0007349999999999999,0.00548307334806378,1.0499999999999998,0.7,71916.28651961431,0.002140972521049204,146364.54605463863,-0.30919888607963775
2023-03-20,-0.006538711415677866,0.00049,-0.007028711415677866,0.7,0.7,71410.80769558073,0.004285305752729267,146991.76288584218,-0.31405432775501274
2023-03-21,-0.0028917985558313264,0.0,-0.0028917985558313264,0.0,0.7,71204.3020250159,-0.004169029413341925,146378.9499028521,-0.3160379444593896
2023-03-22,0.0,0.00049,-0.00049,0.7,0.0,71169.41191702365,-1.6418590443064336e-05,146376.54656682414,-0.3163730858666044
2023-03-23,0.0,0.0,0.0,0.0,0.0,71169.41191702365,-0.0055627031503791,145562.29729009527,-0.3163730858666044
2023-03-24,-0.0006992389803890608,0.00049,-0.0011892389803890607,0.7,0.7,71084.77447816056,0.005145454943158915,146311.28153222415,-0.317186081640935
2023-03-27,0.006828851453512852,0.000245,0.006583851453512852,0.35,0.35,71552.78607393123,-0.009549764360103722,144914.04327036662,-0.3126905362320678
2023-03-28,0.0,0.000245,-0.000245,0.35,0.0,71535.25564134312,-0.010854503068382981,143341.07334303664,-0.31285892705069096
2023-03-29,0.0028886774748407506,0.000245,0.0026436774748407506,0.35,0.35,71724.37178533911,0.0038738373981231553,143896.35335364,-0.311042347674097
2023-03-30,-0.00469877497544291,0.00049,-0.00518877497544291,0.7,0.35,71352.21015988999,0.011218342748738378,145510.6319658547,-0.3146171938996254
2023-03-31,0.0023723348578064698,0.00048549963629494454,0.0018868352215115252,0.693570908992778,0.9659436526542522,71486.84002315237,-0.003834594675900823,144952.65767123146,-0.3133239894808567
2023-04-03,-0.007664362443122757,0.0009211605568579766,-0.008585522999980734,1.3159436526542523,0.35,70873.08811393764,-0.009163302135549353,143624.4126736391,-0.3192194621627039
2023-04-04,0.0,0.000245,-0.000245,0.35,0.0,70855.72420734972,-0.007424757130112962,142558.03629158222,-0.31938625339447424
2023-04-05,-0.004339420804538768,0.000245,-0.004584420804538768,0.35,0.35,70530.89175117288,-0.00781278465984303,141444.26105250602,-0.32250647321426773
2023-04-06,-0.0016197484521980944,0.0007349999999999999,-0.0023547484521980943,1.0499999999999998,0.7,70364.80924298965,0.0006225773842346571,141532.32105056706,-0.3241018000478406
2023-04-07,0.008994023484387107,0.0007612305764574188,0.008232792907929689,1.0874722520820268,0.9584071931070661,70944.10814549318,0.001088836177263075,141686.42656197894,-0.3185372701407918
2023-04-10,0.0,0.0006708850351749463,-0.0006708850351749463,0.9584071931070661,0.0,70896.51280500453,-0.005363376813317444,140926.5088669946,-0.3189944532882839
2023-04-11,0.0027041890342249797,0.000245,0.0024591890342249797,0.35,0.35,71070.86073185939,-0.004282049284963378,140323.05461046833,-0.3173197319155642
2023-04-12,0.0,0.000245,-0.000245,0.35,0.0,71053.44837098007,-0.007663761017629667,139247.6522546699,-0.3174869885812449
2023-04-13,-0.006473386547355464,0.000245,-0.006718386547355465,0.35,0.35,70576.08383930127,0.005714636762366794,140043.4020073177,-0.32207237481555573
2023-04-14,0.0001240667920433369,0.0,0.0001240667920433369,0.0,0.35,70584.83998761818,-0.004597116486742843,139399.6061750903,-0.32198826650986156
2023-04-17,0.008670244147619193,0.000245,0.008425244147619193,0.35,0.7,71179.5344976345,-0.0038311886126488615,138865.53999130454,-0.31627585212025666
2023-04-18,-0.0046641644822156825,0.000245,-0.004909164482215683,0.35,0.35,70830.10245501806,0.004278497601161206,139459.6758710413,-0.31963236642266113
2023-04-19,0.0,0.000245,-0.000245,0.35,0.0,70812.74907991658,0.003450555924819465,139940.88928189155,-0.31979905649288753
2023-04-20,-0.003499596578482744,0.000245,-0.003744596578482744,0.35,0.35,70547.58390199897,0.004065358057394756,140509.79910369267,-0.32234613461862505
2023-04-21,0.0,0.000245,-0.000245,0.35,0.0,70530.29974394297,-0.0044728780083063135,139881.31591333024,-0.3225121598156435
2023-04-24,0.0,0.0,0.0,0.0,0.0,70530.29974394297,0.007097176451376604,140874.07829461788,-0.3225121598156435
2023-04-25,-0.004231569473563906,0.000245,-0.0044765694735639065,0.35,0.35,70214.56595714792,-0.003387451438688941,140396.8741954248,-0.32554498119972364
2023-04-26,1.8334550770487954e-05,0.00049,-0.000471665449229512,0.7,0.35,70181.4481723533,0.0070610574977109835,141388.22459661763,-0.32586309832915106
2023-04-27,-0.004320237523199621,0.00049,-0.004810237523199621,0.7,0.35,69843.85873692215,-0.006107752332170942,140524.66033809612,-0.3291058569493417
2023-04-28,0.0039968107597988965,0.000245,0.0037518107597988965,0.35,0.7,70105.89967763721,0.001756617834320055,140771.50846260777,-0.3265887890847582
2023-05-01,0.003296443825474338,0.00098,0.002316443825474338,1.4,0.7,70268.2960560748,0.005085793937472993,141487.4433469158,-0.3250288698432283
2023-05-02,0.0027170335057533413,0.0,0.0027170335057533413,0.0,0.7,70459.21737085134,-0.00829498865032515,140313.8066101896,-0.3231949506671763
2023-05-03,0.006690465790948129,0.000247949019984074,0.0064425167709640544,0.35421288569153425,0.9681288873741646,70913.15206043205,0.0011509403243114003,140475.2994282749,-0.31883462278617647
2023-05-04,0.003826922830650947,0.0007320509800159259,0.003094871850635021,1.0457871143084656,0.7,71132.61917858369,-0.007458876674791763,139427.51149398496,-0.31672650323461016
2023-05-05,0.004525783152710249,0.0007349999999999999,0.0037907831527102492,1.0499999999999998,0.35,71402.26751297401,0.0017303737352866906,139668.77319785053,-0.3141363615743785
2023-05-08,-0.0025413284921815935,0.00049,-0.0030313284921815935,0.7,0.35,71185.82378505557,0.007420427799870104,140705.17524526163,-0.31621543956328935
2023-05-09,0.0,0.000245,-0.000245,0.35,0.0,71168.38325822823,0.011165418556658535,142276.20741996297,-0.3163829667805963
2023-05-10,0.0002505156434389311,0.000245,5.515643438931087e-06,0.35,0.35,71168.77579765441,-0.004933516010163452,141574.28547279126,-0.3163791961927923
2023-05-11,-0.0004721211134636582,0.00049,-0.0009621211134636582,0.7,0.35,71100.30281584013,-0.011822428333368884,139900.53362894125,-0.3170369222017382
2023-05-12,-0.0004936709492576787,0.0009255581751357369,-0.0014192291243934156,1.3222259644796241,0.9722259644796241,70999.3951953307,0.0007068148986785575,139999.41741044328,-0.31800620329263485
2023-05-15,0.003315457596399934,0.0004355581751357369,0.002879899421264197,0.6222259644796242,0.35,71203.86631246384,0.004487986713309522,140627.7329356524,-0.3160421297521916
2023-05-16,0.004197591042780452,0.00049,0.0037075910427804516,0.7,0.35,71467.86112941527,-0.0047113424717345476,139965.18752476893,-0.31350629367882166
2023-05-17,0.0,0.000245,-0.000245,0.35,0.0,71450.35150343856,-0.0026882898150529058,139588.92053668413,-0.3136744846368702
2023-05-18,-0.0005706129645536628,0.000245,-0.0008156129645536628,0.35,0.35,71392.07567043044,-0.003527368825061513,139096.53893005903,-0.3142342606251044
2023-05-19,0.0,0.000245,-0.000245,0.35,0.0,71374.58461189117,0.0017314729798087642,139337.38082880134,-0.31440227323125136
2023-05-22,-0.0029039814572158094,0.00049,-0.0033939814572158094,0.7,0.7,71132.34059520194,0.005304094891857162,140076.43951870015,-0.3167291792030138
2023-05-23,-0.0023929261826953815,0.00049,-0.0028829261826953815,0.7,0.7,70927.27130806362,4.2059580954637944e-05,140082.33107504793,-0.3186989985421612
2023-05-24,-0.006698365554453677,0.00049,-0.007188365554453677,0.7,0.7,70417.42015412134,0.012348287376795422,141812.10795557403,-0.32359643919325554
2023-05-25,-0.003603303025125798,0.00049,-0.0040933030251257985,0.7,0.7,70129.18031518292,-0.005481905928932385,141034.707320178,-0.32636516393491166
2023-05-26,0.002718204976223104,0.00049,0.002228204976223104,0.7,0.7,70285.44250373966,0.00883321901564956,142280.49777874514,-0.3248641674410342
2023-05-29,-0.005934314732792728,0.0007349999999999999,-0.0066693147327927275,1.0499999999999998,0.35,69816.6867665486,-0.017462909767468632,139795.86628436437,-0.32936686079575606
2023-05-30,0.0,0.000245,-0.000245,0.35,0.0,69799.58167829081,-0.004616474624471641,139150.5022150566,-0.3295311659148611
2023-05-31,-0.00036818590497792456,0.000245,-0.0006131859049779246,0.35,0.35,69756.78155863231,0.004072217594922674,139717.15333851907,-0.3299422879536492
2023-06-01,0.0,0.000245,-0.000245,0.35,0.0,69739.69114715046,-0.006176501543386337,138854.19012528614,-0.3301064520931004
2023-06-02,0.0019308885422251953,0.000245,0.0016858885422251953,0.35,0.35,69857.26449339377,-0.00152946836973622,138641.8170334842,-0.3289770862361735
2023-06-05,-0.0004165560455335948,0.0007349999999999999,-0.0011515560455335947,1.0499999999999998,0.7,69776.81993814195,0.0015516647222752662,138856.9426500072,-0.32974980672920995
2023-06-06,-0.0050668017189110515,0.00049,-0.0055568017189110515,0.7,0.7,69389.08398516953,-0.005063112596693305,138153.89431453764,-0.33347425415527754
2023-06-07,0.0,0.00049,-0.00049,0.7,0.0,69355.0833340168,-0.003033328126522683,137734.8282211247,-0.3338008517707415
2023-06-08,-0.0013080833128837174,0.00049,-0.0017980833128837174,0.7,0.7,69230.37711601026,-0.00042792055933201417,137675.8886563928,-0.33499873334222974
2023-06-09,0.0038145081593515037,0.000245,0.0035695081593515037,0.35,0.35,69477.49551200084,-0.008374712925406405,136522.8926121453,-0.3326250058949157
2023-06-12,0.0002473615454080591,0.0,0.0002473615454080591,0.0,0.35,69494.68157266176,-0.0030338762628841684,136108.69904890904,-0.33245992298500726
